baker,series,baker_age,baker_occupation,hometown,episode,signature_bake,show_stopper,technical,result
Annetha,1,NA,NA,NA,1,Light Jamaican Black Cakewith Strawberries and Cream,"Red, White & Blue Chocolate Cake with Cigarellos, Fresh Fruit, and Cream",2,IN
David,1,NA,NA,NA,1,Chocolate Orange Cake,"Black Forest Floor Gateauxwith Moulded Chocolate Leaves, Fallen Fruitand Chocolate Mushrooms Moulded from eggs",3,IN
Edd,1,NA,NA,NA,1,Caramel Cinnamon and Banana Cake,N/A,1,IN
Jasminder,1,NA,NA,NA,1,Fresh Mango and Passion Fruit Hummingbird Cake,N/A,NA,IN
Jonathan,1,NA,NA,NA,1,Carrot Cake with Lime and Cream Cheese Icing,Three Tiered White and Dark Chocolate with Almond and Cherry,9,IN
Louise,1,NA,NA,NA,1,Carrot and Orange Cake,"Never Fail Chocolate Sponge Cake,with Fresh Fruit, White & Chocolate Cigarello Border",NA,IN
Miranda,1,NA,NA,NA,1,"Triple Layered Brownie Meringue Cake
with Raspberry Cream",Three Tiered Chocolate Fudge Cake  with Handmade Chocolate Button Decorations,8,IN
Ruth,1,NA,NA,NA,1,Three Tiered Lemon Drizzle Cakewith Fresh Cream and freshly made Lemon Curd,Classic Chocolate Sponge wrapped in a Chocolate Collartopped with Handmade White and Dark Chocolate Truffles,NA,IN
Lea,1,NA,NA,NA,1,Cranberry and Pistachio Cakewith Orange Flower Water Icing,Raspberries and Cream filled Chocolatewith Chocolate-dipped Fresh Fruit,10,OUT
Mark,1,NA,NA,NA,1,Sticky Marmalade Tea Loaf,Heart-shaped Chocolate and Beetroot Cake with Store-Bought silver chocolate hearts and chocolate red and white roses.,NA,OUT
David,1,NA,NA,NA,2,Cheddar Cheese and Fresh Rosemary Biscuits,Choux Pastry Swans  Chocolate Profiteroles,8,IN
Edd,1,NA,NA,NA,2,Oatmeal Raisin Cookie,Pink Macarons,6,IN
Jasminder,1,NA,NA,NA,2,Millionaires' Shortbread,Meringues with Chocolate and Space DustCoffee flavoured Eclairs,2,IN
Jonathan,1,NA,NA,NA,2,Honey and Candied Ginger Cookies,Meringues with Whiskey Cream,1,IN
Miranda,1,NA,NA,NA,2,Fresh Vanilla Biscuits with Royal Icing,Pistachio Macarons,3,IN
Ruth,1,NA,NA,NA,2,Peanut Shortbread withSalted Peanut Caramel,Almond Macaron with Violet ButtercreamRaspberries and Cream Eclairs,5,IN
Annetha,1,NA,NA,NA,2,Rose Petal Shortbread,Pink Swirl Macarons / Eclairs,7,OUT
Louise,1,NA,NA,NA,2,Stained Glass Window Shortbread,"Strawberry, Mint, and Cream Meringues  Chocolate Eclairs / Orange, Yellow and Pink Macarons",4,OUT
Lea,1,NA,NA,NA,2,NA,NA,NA,NA
Mark,1,NA,NA,NA,2,NA,NA,NA,NA
David,1,NA,NA,NA,3,Chilli Bread,"Walnut and Seed Roll
Red Berry and Almond Bun",4,IN
Edd,1,NA,NA,NA,3,Olive Bread,Tomato and Mozzarella,1,IN
Jasminder,1,NA,NA,NA,3,Focaccia,"Mango and Sultana Buns
Pan au Chocolat with Mars Bars
Tutti Frutti Wheel with Jelly Tots",5,IN
Miranda,1,NA,NA,NA,3,Walnut and Apricot Bread,"Lemon Iced Buns
Chocolate and Orange Buns",3,IN
Ruth,1,NA,NA,NA,3,Maple and Pecan Bread,"Chocolate and Orange Panettone
Cranberry Bagels",2,IN
Jonathan,1,NA,NA,NA,3,"Anchovy, Sweet Paprika and Oregano Bread","Sticky Lemon Honey Bun
Olive and Anchovy Roll
Sundried Tomatoes and Fresh Herbs Roll
Stilton, Walnut and Apple Roll
Cinnamon and Cardamom Chelsea Bun",6,OUT
Annetha,1,NA,NA,NA,3,NA,NA,NA,NA
Lea,1,NA,NA,NA,3,NA,NA,NA,NA
Louise,1,NA,NA,NA,3,NA,NA,NA,NA
Mark,1,NA,NA,NA,3,NA,NA,NA,NA
Edd,1,NA,NA,NA,4,Apple and Plum Pudding,"Apple and Cinnamon Crumble, Nutella Banana Brioche Bread Pudding, Rhubarb and Strawberry Suet Layer",3,IN
Jasminder,1,NA,NA,NA,4,Sticky Toffee Pudding with Tropical Fruit & Toffee Sauce,"Bread & Butter Pudding, Treacle Suet Pudding with Fresh Fruit, Apple and Pineapple Crumble",2,IN
Miranda,1,NA,NA,NA,4,Sticky Toffee Pudding,"Queen of Puddings, Chocolate Pear Roly Poly, Strawberry and Rhubarb Crumble",1,IN
Ruth,1,NA,NA,NA,4,Peach and Blueberry Boy Bait,"Apple & Ginger Crumble, Rhubarb Suet Crust, Cherry Queen of Puddings",4,IN
David,1,NA,NA,NA,4,Pear and Walnut Pudding,"Apple and Blackberry Crumble, Rhubarb and Orange Betty, Suet Pear",5,OUT
Annetha,1,NA,NA,NA,4,NA,NA,NA,NA
Jonathan,1,NA,NA,NA,4,NA,NA,NA,NA
Lea,1,NA,NA,NA,4,NA,NA,NA,NA
Louise,1,NA,NA,NA,4,NA,NA,NA,NA
Mark,1,NA,NA,NA,4,NA,NA,NA,NA
Edd,1,NA,NA,NA,5,"Chicken, Ham, Leek and Tarragon Pie","Almond Sweet Pastry with Ginger and Chocolate  Raspberry Tart / Yorkshire Curd Tart  Chickpea and Salami, Red and Yellow Pepper, Asparagus Gruyere Quiche Canapés",2,IN
Miranda,1,NA,NA,NA,5,"Summery Salmon, Cod and Prawn Fish Pie","Chocolate Pastry filled with Orange Cheesecake  Chocolate Pastry filled with Milk Chocolate Ganche  Strawberry Tart with Red Currant Glaze  Cheesy Crab, Broad Bean and Tomato, Pancetta Risotto Canapés",1,IN
Ruth,1,NA,NA,NA,5,Minced Beef Pie,"Raspberry and Dark Chocolate Tart  Creme Patisserie and Cherry Tart  Citrus Curd Tart with Creme Brulee top  Tomato, Asparagus Twirl Canapés",3,IN
Jasminder,1,NA,NA,NA,5,Chicken and Mushroom Pie,"Jaggery, Carrot, and Spiced Condensed Milk Tart  Fruit and Custard Tart  Thai Chili Red Onion, Duck in Plum Sauce, Salmon and Prawn Canapés",4,OUT
Annetha,1,NA,NA,NA,5,NA,NA,NA,NA
David,1,NA,NA,NA,5,NA,NA,NA,NA
Jonathan,1,NA,NA,NA,5,NA,NA,NA,NA
Lea,1,NA,NA,NA,5,NA,NA,NA,NA
Louise,1,NA,NA,NA,5,NA,NA,NA,NA
Mark,1,NA,NA,NA,5,NA,NA,NA,NA
Miranda,1,NA,NA,NA,6,Lemon Cupcake,Eliminated after signature,NA,Runner-up
Ruth,1,NA,NA,NA,6,"Mint, Ginger and Blackberry Cake",NA,NA,Runner-up
Edd,1,NA,NA,NA,6,Cinnamon and Banana Cake,NA,NA,WINNER
Annetha,1,NA,NA,NA,6,NA,NA,NA,NA
David,1,NA,NA,NA,6,NA,NA,NA,NA
Jasminder,1,NA,NA,NA,6,NA,NA,NA,NA
Jonathan,1,NA,NA,NA,6,NA,NA,NA,NA
Lea,1,NA,NA,NA,6,NA,NA,NA,NA
Louise,1,NA,NA,NA,6,NA,NA,NA,NA
Mark,1,NA,NA,NA,6,NA,NA,NA,NA
Ben,2,NA,NA,NA,1,Rhubarb and Custard CupcakesAfter Dinner Cupcakes,Vanilla Sponge with White Chocolate and Raspberry Buttercream,2,IN
Ian,2,NA,NA,NA,1,Apple and Cinnamon Cupcakes,UNKNOWN,10,IN
Janet,2,NA,NA,NA,1,Raspberry and Cream Cupcakes,Chocolate Marble Cakewith Dark and White Chocolate Truffles,8,IN
Jason,2,NA,NA,NA,1,Lemon Meringue CupcakesApple and Cinnamon Cupcakes,UNKNOWN,6,IN
Joanne,2,NA,NA,NA,1,NA,NA,11,IN
Mary-Anne,2,NA,NA,NA,1,Banoffee Cupcakes,Chocolate and Raspberry Opera cake,4,IN
Robert,2,NA,NA,NA,1,Blackberry and Vanilla Cupcakeswith Liquorice Frosting,Genoise Layered Mousse Cakewith Chocolate Ganache,3,IN
Simon,2,NA,NA,NA,1,Guinness and Chocolate Cupcakes,Two-Tiered Chocolate Courgette Cake,9,IN
Urvashi,2,NA,NA,NA,1,Cherry Blossom CupcakesJapanese Lime Cupcakes,UNKNOWN,7,IN
Yasmin,2,NA,NA,NA,1,Cardamom and Pomegranate Cupcakes,UNKNOWN,5,IN
Keith,2,NA,NA,NA,1,Earl Grey Cupcakes,Chocolate and Sour Cream Cake,12,OUT
Holly,2,NA,NA,NA,1,Cherry Bakewell Inspired CupcakesGinger Cupcakes with Fig Truffle,UNKNOWN,1,STAR BAKER
Ben,2,NA,NA,NA,2,"Chorizo, Pepper and Gruyere Quiche",Lemon Meringue Tarts,1,IN
Holly,2,NA,NA,NA,2,Pesto Quiche,Milk Chocolate and Pistachio TartsTrifle Tarts,4,IN
Ian,2,NA,NA,NA,2,"Stilton, Spinach and New Potato Quichewith Paprika and Walnut Pastry",UNKNOWN,2,IN
Janet,2,NA,NA,NA,2,Quiche Printanière,Red Fruit TartsChocolate and Cherry Tarts,8,IN
Joanne,2,NA,NA,NA,2,NA,NA,10,IN
Mary-Anne,2,NA,NA,NA,2,"Roasted Cauliflower, Cheese andCaramelised Onion Quiche",Butterscotch Brulée Tarts in Pecan PastryApple Rose Tarts,9,IN
Robert,2,NA,NA,NA,2,Smoked Bacon and Kale Quiche,"Chocolate, Fennel and Ginger TartAlmond, Creme Patissiere and Poached Pear Tart",5,IN
Urvashi,2,NA,NA,NA,2,"Crab, Coriander and Coconut Quiche",Strawberry and Basil TartsElderflower and Honeycomb Tarts,7,IN
Yasmin,2,NA,NA,NA,2,Smoked Haddock and Watercress Quiche,Chocolate and Orange with Cinnamon-Orange Pastry TartsBlueberry and Hazelnut with Hazelnut Pastry Tarts,6,IN
Simon,2,NA,NA,NA,2,Smoked Haddock and Watercress Quiche,"Passion Fruit and Ricotta TartsSalted Chocolate, Stem Ginger and Mascarpone Cream Tarts",11,OUT
Jason,2,NA,NA,NA,2,Salmon and Pak Choi Quiche,Mint Chocolate Tarts Blueberry Bakewell Tarts,3,STAR BAKER
Keith,2,NA,NA,NA,2,NA,NA,NA,NA
Ben,2,NA,NA,NA,3,"Walnut, Raisin and Rosemary Loaf",UNKNOWN,3,IN
Holly,2,NA,NA,NA,3,Picnic Loaf,Stilton and Walnut Rolls,6,IN
Janet,2,NA,NA,NA,3,Zupfe Loaf with Gruyère Cheese,Apple and Walnut Granary Rolls Red Onion Cottage Rolls,8,IN
Jason,2,NA,NA,NA,3,Cheese and Onion Tear and Share Loaf,UNKNOWN,7,IN
Joanne,2,NA,NA,NA,3,NA,NA,1,IN
Mary-Anne,2,NA,NA,NA,3,Ploughman's Loaf,Herb and Walnut BreadsChocolate and Chilli Buns,5,IN
Robert,2,NA,NA,NA,3,Rye and Coriander Seed Loaf,Blueberry Brioche RollsLemon and Poppy Seed Rolls,4,IN
Ian,2,NA,NA,NA,3,"Courgette, Caerphilly Cheese and Thyme Loaf",Walnut and Raisin RollsCracked Wheat Logs,10,OUT
Urvashi,2,NA,NA,NA,3,Salt and Peppercorn Loaf,Chilli and Halloumi RollsLemon and Coriander Mini Loaves,9,OUT
Yasmin,2,NA,NA,NA,3,Egyptian Dukkah Loaf with Mixed Spices,"Pesto Bread
Sweet Coconut Rolls",2,STAR BAKER
Keith,2,NA,NA,NA,3,NA,NA,NA,NA
Simon,2,NA,NA,NA,3,NA,NA,NA,NA
Janet,2,NA,NA,NA,4,Christmas Marzipan Biscuits,"Raspberry Macarons
Blackcurrant Macarons
Almond Macarons",4,IN
Joanne,2,NA,NA,NA,4,NA,NA,8,IN
Mary-Anne,2,NA,NA,NA,4,Melting Moments,Blackcurrant and Mint MacaronsGooseberry and Elderflower MacaronsHazelnut Macarons,2,IN
Robert,2,NA,NA,NA,4,Chocolate and Ginger Oat Biscuits,Strawberry and Lime MacaronsLemon MacaronsChocolate and Cardamom Macarons,7,IN
Yasmin,2,NA,NA,NA,4,Chocolate Chip and Pistachio Biscotti,Chocolate and Lime MacaronsCoffee and Walnut MacaronsPineapple and Coconut Macarons,6,IN
Ben,2,NA,NA,NA,4,Stem Ginger Nuts,Chocolate and Almond MacaronsPine Nut MacaronsPistachio Macarons,5,OUT
Holly,2,NA,NA,NA,4,Strawberry and Custard Melts,"'Chocolate bars of my youth'
(Caramel Macarons, Mint Chocolate Macarons and Chocolate Orange Macarons)",3,STAR BAKER
Jason,2,NA,NA,NA,4,Lebkuchen,"Mocktail Macarons
(Mojito, Cranberry Cooler, and Pina Colada)",1,STAR BAKER
Ian,2,NA,NA,NA,4,NA,NA,NA,NA
Keith,2,NA,NA,NA,4,NA,NA,NA,NA
Simon,2,NA,NA,NA,4,NA,NA,NA,NA
Urvashi,2,NA,NA,NA,4,NA,NA,NA,NA
Holly,2,NA,NA,NA,5,"Stilton, Potato and Caramelised Onion Pie",Lime Meringue Pie,4,IN
Joanne,2,NA,NA,NA,5,NA,NA,6,IN
Mary-Anne,2,NA,NA,NA,5,Chicken and Bacon Pie,Midnight Meringue,2,IN
Yasmin,2,NA,NA,NA,5,Family Fish Pie,Peach and Raspberry Meringue Pie,5,IN
Jason,2,NA,NA,NA,5,Brown Down Chicken Pie,Plum Meringue Pie,7,OUT
Robert,2,NA,NA,NA,5,Chicken and Mushroom Pie,Rhubarb and Custard Meringue Pie,3,OUT
Janet,2,NA,NA,NA,5,Chicken and Chestnut Pie,Rhubarb Meringue Pie,1,STAR BAKER
Ben,2,NA,NA,NA,5,NA,NA,NA,NA
Ian,2,NA,NA,NA,5,NA,NA,NA,NA
Keith,2,NA,NA,NA,5,NA,NA,NA,NA
Simon,2,NA,NA,NA,5,NA,NA,NA,NA
Urvashi,2,NA,NA,NA,5,NA,NA,NA,NA
Holly,2,NA,NA,NA,6,Father Christmas' Baked Cheesecake,Hansel and Gretel's Croquembouche,3,IN
Janet,2,NA,NA,NA,6,Rhubarb and Ginger Baked Cheesecake,Orange and Nougatine Croquembouche,5,IN
Mary-Anne,2,NA,NA,NA,6,Tutti Fruitti Curd Baked Cheesecake,Orange and Praline Croquembouche with Cardamom Caramel,4,IN
Yasmin,2,NA,NA,NA,6,Baked Amaretto Cheesecake,Rose Croquembouche,2,OUT
Joanne,2,NA,NA,NA,6,NA,NA,1,STAR BAKER
Ben,2,NA,NA,NA,6,NA,NA,NA,NA
Ian,2,NA,NA,NA,6,NA,NA,NA,NA
Jason,2,NA,NA,NA,6,NA,NA,NA,NA
Keith,2,NA,NA,NA,6,NA,NA,NA,NA
Robert,2,NA,NA,NA,6,NA,NA,NA,NA
Simon,2,NA,NA,NA,6,NA,NA,NA,NA
Urvashi,2,NA,NA,NA,6,NA,NA,NA,NA
Holly,2,NA,NA,NA,7,"White Chocolate, Hazelnut and Raspberry Genoise Mousse Cake","Apricot, Macadamia and White Chocolate PinwheelsAlmond CroissantsApple, Raisin and Cinnamon Plaits",1,IN
Joanne,2,NA,NA,NA,7,NA,NA,3,IN
Mary-Anne,2,NA,NA,NA,7,Chocolate and Orange Mousse Cake,Raspberry Rose DanishesPraline SpiralsAlsatian Plaited Danishes,2,IN
Janet,2,NA,NA,NA,7,Chocolate Amaretto Mousse Cake,Pain Aux RaisinPlain CroissantPain Au Chocolat,4,OUT
Ben,2,NA,NA,NA,7,NA,NA,NA,NA
Ian,2,NA,NA,NA,7,NA,NA,NA,NA
Jason,2,NA,NA,NA,7,NA,NA,NA,NA
Keith,2,NA,NA,NA,7,NA,NA,NA,NA
Robert,2,NA,NA,NA,7,NA,NA,NA,NA
Simon,2,NA,NA,NA,7,NA,NA,NA,NA
Urvashi,2,NA,NA,NA,7,NA,NA,NA,NA
Yasmin,2,NA,NA,NA,7,NA,NA,NA,NA
Holly,2,NA,NA,NA,8,Banoffee Inspired Mille Feuille,Strawberry and Cream Meringue NestGooseberry and Elderflower 'Bakewell' TartsNeapolitan Ice-Cream Sandwich,2,Runner-up
Mary-Anne,2,NA,NA,NA,8,Lemon and Ginger Mille Feuille,Fruit Tarts with Elderflower CustardStrawberry and Rhubarb CheesecakesBlack Fruit Meringue with Everlasting Syllabub,3,Runner-up
Joanne,2,NA,NA,NA,8,NA,NA,1,WINNER
Ben,2,NA,NA,NA,8,NA,NA,NA,NA
Ian,2,NA,NA,NA,8,NA,NA,NA,NA
Janet,2,NA,NA,NA,8,NA,NA,NA,NA
Jason,2,NA,NA,NA,8,NA,NA,NA,NA
Keith,2,NA,NA,NA,8,NA,NA,NA,NA
Robert,2,NA,NA,NA,8,NA,NA,NA,NA
Simon,2,NA,NA,NA,8,NA,NA,NA,NA
Urvashi,2,NA,NA,NA,8,NA,NA,NA,NA
Yasmin,2,NA,NA,NA,8,NA,NA,NA,NA
Brendan,3,NA,NA,NA,1,"Plum, Sour Cherry & Walnut",UNKNOWN,10,IN
Cathryn,3,NA,NA,NA,1,"Apple, Hazelnut and Calvados",Hidden Cupcake Cake,5,IN
Danny,3,NA,NA,NA,1,"Plum, Ginger & Orange",UNKNOWN,7,IN
James,3,NA,NA,NA,1,"Parsnip, Pear, and Pecan","""Simmer Dim"" Sunset Cake",2,IN
John,3,NA,NA,NA,1,"Toffee Apple, Orange & Cranberry",Hidden Pink Hearts Cake,11,IN
Manisha,3,NA,NA,NA,1,"Vanilla, Peach and Raspberry",White Chocolate Cake with a Red Velvet and White Chocolate Mousse Heart,6,IN
Peter,3,NA,NA,NA,1,"Pear, Muscat & Chocolate",Jubilee Cake,3,IN
Ryan,3,NA,NA,NA,1,Kumquat and Orange Polenta,Hidden Flowerbed Mousse Cake,8,IN
Sarah-Jane,3,NA,NA,NA,1,"Pear, Chocolate and Hazelnut",Hidden Crown Cake,1,IN
Stuart,3,NA,NA,NA,1,Tomato and Ginger,Lemon and Pistachio Union Flag Cake,9,IN
Natasha,3,NA,NA,NA,1,Pineapple & Passion Fruit,Mother's Day Layered Rose Cake,12,OUT
Victoria,3,NA,NA,NA,1,Pear and Pecan,Blackbird Pie Cake,4,STAR BAKER
Brendan,3,NA,NA,NA,2,Middle Eastern Taboon BreadIndian Rotis,"Chocolate and Vanilla Bagels
Cumin and Gruyere Bagels",4,IN
Cathryn,3,NA,NA,NA,2,"Spiced Mango NaanLime, Coriander and Chilli Tortillas","Cranberry and Orange Bagels
Chipotle, Chili, and Smoked Cheddar Bagels",8,IN
Danny,3,NA,NA,NA,2,Lime Coriander and Coconut TortillasZaatar Naan with Dukkah,UNKNOWN,3,IN
James,3,NA,NA,NA,2,"Tomato, Garlic, and Parmesan FlatbreadsTattie Scones","Orange, Mint and Chocolate Bagels
'Millers' Sourdough Bagels",2,IN
Manisha,3,NA,NA,NA,2,Indian FlatbreadsItalian Flatbreads,UNKNOWN,6,IN
Ryan,3,NA,NA,NA,2,Shanghai Spring Onion FlatbreadsGarlic and Coriander Naan,"Cinnamon and Date Bagels
Tarragon and Rosemary Bagels",5,IN
Sarah-Jane,3,NA,NA,NA,2,Toasted Coconut and Lime RotisOatcakes,UNKNOWN,10,IN
Stuart,3,NA,NA,NA,2,Bombay BreadChorizo and Spring Onion Naan,"Cinnamon and Cranberry Bagels
Tomato and Thyme Bagels",9,IN
Victoria,3,NA,NA,NA,2,Coriander and Lemon NaanGarlic and Parsnip Chapatis,"Saffron and Golden Raisin Bagels
Porcini Bagels",7,IN
Peter,3,NA,NA,NA,2,Fennel and Nigella Seed NaanBannock Bread,"Rosemary and Sea Salt Bagels
Apple and Cinnamon Bagels",11,OUT
John,3,NA,NA,NA,2,"Coriander and Chilli RotisGarlic, Pomegranate and Potato Pitas","Fig, Walnut and Gruyere Bagels
Blueberry and White Chocolate Bagels",1,STAR BAKER
Natasha,3,NA,NA,NA,2,NA,NA,NA,NA
Brendan,3,NA,NA,NA,3,Apple and Ginger Tarte Tatin,"Blackberry, Nectarine and Dragon Fruit Tart",9,IN
Cathryn,3,NA,NA,NA,3,"Plum, Cherry and Five Spice Tarte Tatin","Raspberry, Pistachio and Lemon Tart",3,IN
Danny,3,NA,NA,NA,3,Savoury Pear and Roquefort Tarte Tatin,"Pineapple, Coconut and Frangipane Tart",2,IN
John,3,NA,NA,NA,3,Apple and Vanilla Tarte Tatin with Walnut Praline,"Berries, Grapes, Pomegranate, and Dragon Fruit Tart",6,IN
Manisha,3,NA,NA,NA,3,"Cinnamon, Apple and Pear Tarte Tatin",Rum and Tropical Fruit Tart,10,IN
Ryan,3,NA,NA,NA,3,Spiced Pear Tarte Tatin,UNKNOWN,5,IN
Sarah-Jane,3,NA,NA,NA,3,Caramelised Banana Tarte Tatin,French Apple Tart with Blackberry and Cassis Jam,8,IN
Stuart,3,NA,NA,NA,3,Pear and Almond Tarte Tatin,Raspberry Triple Chocolate Layered Tart,7,IN
Victoria,3,NA,NA,NA,3,"Fig, Walnut and Pink Peppercorn Tarte Tatin",Tropical Fruit Tart with Black Pepper Crust,4,OUT
James,3,NA,NA,NA,3,Apple and Lavender Tarte Tatin,"Rose, Lychee and Raspberry Fruit Tart",1,STAR BAKER
Natasha,3,NA,NA,NA,3,NA,NA,NA,NA
Peter,3,NA,NA,NA,3,NA,NA,NA,NA
Cathryn,3,NA,NA,NA,4,"White Chocolate, Macadamia and Coffee Torte","Gooseberry, Almond and Honey Meringue",3,IN
Danny,3,NA,NA,NA,4,"Blackberry, White Chocolate, Lemon and Elderflower Torte","'Monte Bianco' Chestnut, Chocolate and Coffee Dacquoise",2,IN
James,3,NA,NA,NA,4,"Hazelnut, Chocolate and Passionfruit Torte","Fig, Chestnut, Cherry and Chocolate Layered Meringue",5,IN
John,3,NA,NA,NA,4,'Torte Noir' Black Forest Torte with Boozy Cream,Elderflower and Bramble Berry Pavlova,6,IN
Manisha,3,NA,NA,NA,4,"Almond, Chocolate and Cherry Torte",Tiramisu Layered Meringue Dessert,9,IN
Ryan,3,NA,NA,NA,4,Green Tea Opera Torte,"Strawberry, Rose and Pistachio Meringue",7,IN
Sarah-Jane,3,NA,NA,NA,4,Chocolate and Almond Truffle Torte,Hazelnut Tiramisu Layered Meringue,4,IN
Stuart,3,NA,NA,NA,4,Black Forest Torte,Choca Blocka Mocha Meringue,8,OUT
Brendan,3,NA,NA,NA,4,Clementine and Chestnut Torte,"Pear, Chocolate and Hazelnut Dacquoise",1,STAR BAKER
Natasha,3,NA,NA,NA,4,NA,NA,NA,NA
Peter,3,NA,NA,NA,4,NA,NA,NA,NA
Victoria,3,NA,NA,NA,4,NA,NA,NA,NA
Brendan,3,NA,NA,NA,5,Salmon Coulibiac in a Scandinavian Pastry,All American Chiffon Pie,3,IN
Cathryn,3,NA,NA,NA,5,Full English Wellington,Chocolate and Peanut Butter Pumpkin Pie,1,IN
Danny,3,NA,NA,NA,5,"Chickpea, Spinach & Mushroom Wellington",Trick or Treat Pumpkin Pie,7,IN
James,3,NA,NA,NA,5,Four Pig Wellington,Sweet Potato Pie,6,IN
John,3,NA,NA,NA,5,Venison and Haggis Wellington,Star-Spangled Pecan Pie,2,IN
Sarah-Jane,3,NA,NA,NA,5,Beef Wellington with Parma Ham and Gorgonzola Cheese,Chocolate and Banana Cream Pie,4,IN
Manisha,3,NA,NA,NA,5,Lamb Wellington with Rosemary and Mint,Banana Scotch Pie,5,OUT
Ryan,3,NA,NA,NA,5,Curry Spiced Seabass Wellington,Key Lime Pie,8,STAR BAKER
Natasha,3,NA,NA,NA,5,NA,NA,NA,NA
Peter,3,NA,NA,NA,5,NA,NA,NA,NA
Stuart,3,NA,NA,NA,5,NA,NA,NA,NA
Victoria,3,NA,NA,NA,5,NA,NA,NA,NA
Cathryn,3,NA,NA,NA,6,"Chocolate Walnut Whip Puddings
Elderflower Sponges",Roasted Vegetable Couscous and Sheep Cheese Strudel,3,IN
Danny,3,NA,NA,NA,6,Banoffee Puddings with Walnut Butterscotch SauceJubilee Chocolate Fondants,"Leek, Potato, Pistachio and Gruyère Strudel",2,IN
James,3,NA,NA,NA,6,Banana and Clove PuddingsClootie Dumplings,"Strawberry, Rhubarb and Ginger Strudel",7,IN
John,3,NA,NA,NA,6,Spicy Toffee PuddingsRaspberry and White Chocolate Puddings,Did not complete due to injury,5,IN
Ryan,3,NA,NA,NA,6,Chocolate FondantsSticky Ginger and Date Puddings,"Apple, Sour Cherry, Raisin and Mixed Nuts Strudel",6,IN
Sarah-Jane,3,NA,NA,NA,6,Sticky Toffee PuddingsGranny's Saucy Lemon Puddings,Sweet Strudel with Sour Cherries,4,IN
Brendan,3,NA,NA,NA,6,"Rhubarb, Strawberry and Ginger Puddings
Sticky Toffee Puddings","Spinach, Cheese and Walnut Strudel",1,STAR BAKER
Manisha,3,NA,NA,NA,6,NA,NA,NA,NA
Natasha,3,NA,NA,NA,6,NA,NA,NA,NA
Peter,3,NA,NA,NA,6,NA,NA,NA,NA
Stuart,3,NA,NA,NA,6,NA,NA,NA,NA
Victoria,3,NA,NA,NA,6,NA,NA,NA,NA
Brendan,3,NA,NA,NA,7,Chelsea Bunskis,Black Forest Christmas Stollen,4,IN
Cathryn,3,NA,NA,NA,7,Lady Arundel's Manchet Buns,Bonfire Night Tear 'n' Share Brioche,5,IN
James,3,NA,NA,NA,7,Easter Chelsea Buns,Whisky Kugelhopf-Brioche Baba,1,IN
John,3,NA,NA,NA,7,Cherry and Almond Saffron Buns,Marzipan Stollen,3,IN
Ryan,3,NA,NA,NA,7,Lardy Cakes,Char Siu Bao,6,OUT
Sarah-Jane,3,NA,NA,NA,7,"Orange, Nutmeg and Saffron Buns",Sour Cherry and Dark Chocolate Christmas Plait,7,OUT
Danny,3,NA,NA,NA,7,Bakewell Chelsea Buns,European Christmas Wreath,2,STAR BAKER
Manisha,3,NA,NA,NA,7,NA,NA,NA,NA
Natasha,3,NA,NA,NA,7,NA,NA,NA,NA
Peter,3,NA,NA,NA,7,NA,NA,NA,NA
Stuart,3,NA,NA,NA,7,NA,NA,NA,NA
Victoria,3,NA,NA,NA,7,NA,NA,NA,NA
Brendan,3,NA,NA,NA,8,Multi-Seed Savoury Crackers,Fantasy Gingerbread Bird House,2,IN
Danny,3,NA,NA,NA,8,Spiced Almond Drinks Crackers,Gingerbread Big Ben,4,IN
John,3,NA,NA,NA,8,Asian Spice Crackers,Gingerbread Roman Coliseum,3,IN
Cathryn,3,NA,NA,NA,8,Cheese and Pickle Crackers,Gingerbread Buckingham Palace,5,OUT
James,3,NA,NA,NA,8,"Smoky Cayenne, Cumin and Chilli Crackers",Gingerbread Barn,1,STAR BAKER
Manisha,3,NA,NA,NA,8,NA,NA,NA,NA
Natasha,3,NA,NA,NA,8,NA,NA,NA,NA
Peter,3,NA,NA,NA,8,NA,NA,NA,NA
Ryan,3,NA,NA,NA,8,NA,NA,NA,NA
Sarah-Jane,3,NA,NA,NA,8,NA,NA,NA,NA
Stuart,3,NA,NA,NA,8,NA,NA,NA,NA
Victoria,3,NA,NA,NA,8,NA,NA,NA,NA
Brendan,3,NA,NA,NA,9,Coffee Meringue and Hazelnut CreamsApricot and Pistachio FriandsLime Curd Choux Pastry Cygnets,Gateau St. Honoré,3,IN
John,3,NA,NA,NA,9,Lemon MadeleinesWhite Chocolate and Raspberry TartletsDark Chocolate and Cherry Macaroons,Gateau St. Honoré a la Passion,2,IN
Danny,3,NA,NA,NA,9,Blackberry and Peppermint MacaroonsMiniature Raspberry and Basil FinanciersOrange and White Chocolate Langues de Chat,Rosewater and Lychee St. Honoré,4,OUT
James,3,NA,NA,NA,9,"Lemon and Rhubarb TartletsChocolate Indulgence Petits FoursChilli, Lime and Raspberry Macaroons","Coffee, Caramel and Hazelnut Paris-Brest",1,STAR BAKER
Cathryn,3,NA,NA,NA,9,NA,NA,NA,NA
Manisha,3,NA,NA,NA,9,NA,NA,NA,NA
Natasha,3,NA,NA,NA,9,NA,NA,NA,NA
Peter,3,NA,NA,NA,9,NA,NA,NA,NA
Ryan,3,NA,NA,NA,9,NA,NA,NA,NA
Sarah-Jane,3,NA,NA,NA,9,NA,NA,NA,NA
Stuart,3,NA,NA,NA,9,NA,NA,NA,NA
Victoria,3,NA,NA,NA,9,NA,NA,NA,NA
Brendan,3,NA,NA,NA,10,Potato and Pepper Pithivier,Family Reunion Chiffon Cake,2,Runner-up
James,3,NA,NA,NA,10,Spanish Pithivier with Chorizo and Red Pepper,United Chiffon Cakes,1,Runner-up
John,3,NA,NA,NA,10,Italian Sausage and Roasted Vegetable Pithivier,Heaven and Hell Chiffon Cake,2,WINNER
Cathryn,3,NA,NA,NA,10,NA,NA,NA,NA
Danny,3,NA,NA,NA,10,NA,NA,NA,NA
Manisha,3,NA,NA,NA,10,NA,NA,NA,NA
Natasha,3,NA,NA,NA,10,NA,NA,NA,NA
Peter,3,NA,NA,NA,10,NA,NA,NA,NA
Ryan,3,NA,NA,NA,10,NA,NA,NA,NA
Sarah-Jane,3,NA,NA,NA,10,NA,NA,NA,NA
Stuart,3,NA,NA,NA,10,NA,NA,NA,NA
Victoria,3,NA,NA,NA,10,NA,NA,NA,NA
Ali,4,NA,NA,NA,1,Rose and Pistachio Cake,"Chocolate, Raspberry and Passion Fruit Engagement Cake",11,IN
Beca,4,NA,NA,NA,1,Grapefruit Sandwich Cake,Chocolate Cherry Indulgence,8,IN
Christine,4,NA,NA,NA,1,"Strawberry, Vanilla and Rosewater Summer Basket",Chocolate and Orange 'Fripperous' Hat Cake,3,IN
Deborah,4,NA,NA,NA,1,Pineapple Cake,'Coffee Time',9,IN
Frances,4,NA,NA,NA,1,Giant Jam Sandwich,Secret Squirrel Cake,7,IN
Glenn,4,NA,NA,NA,1,Strawberries and Cream Cake,Almond and Espresso Chocolate Cake,4,IN
Howard,4,NA,NA,NA,1,Passion Fruit and Coconut Cake,Black Forest Revisited,6,IN
Kimberley,4,NA,NA,NA,1,Blood Orange Cake,"Chocolate, Raspberry & Basil Layer Cake",10,IN
Lucy,4,NA,NA,NA,1,Timperley Early Cake,Thyme 'Wildwood' Cake,2,IN
Mark,4,NA,NA,NA,1,Lemon and Poppy Seed Cake,Chocolate Monster,5,IN
Ruby,4,NA,NA,NA,1,Rhubarb and Custard Sandwich Cake,Chocolate and Ginger Night Sky Cake,12,IN
Toby,4,NA,NA,NA,1,Spiced and Iced Carrot Cake,Two Tiered Chocolate Cake,13,OUT
Robert,4,NA,NA,NA,1,Pecan and Apple Cake,Raspberry Chocolate Cake,1,STAR BAKER
Ali,4,NA,NA,NA,2,Italian Grissini,Sweet and Savoury Yin Yang Bread,9,IN
Beca,4,NA,NA,NA,2,Fennel and Chilli Breadsticks,Five Strand Christmas Wreath,11,IN
Christine,4,NA,NA,NA,2,Mediterranean Breadsticks with Oregano,Double Plaited Loaf,4,IN
Deborah,4,NA,NA,NA,2,Fennel & Chilli Breadsticks,Walnut Fleur Loaf,8,IN
Frances,4,NA,NA,NA,2,Giant Matchsticks,Sailor's Knot,2,IN
Glenn,4,NA,NA,NA,2,Rosemary and Parmesan Grissini,Harvest Crown,7,IN
Howard,4,NA,NA,NA,2,Moroccan Breadsticks,Picasso Sun Bread,10,IN
Kimberley,4,NA,NA,NA,2,Nigella Seed and Parmesan Breadsticks,Peace Bread,1,IN
Mark,4,NA,NA,NA,2,Rosemary & Raisin Breadsticks,Sage & Garlic Plait,6,IN
Robert,4,NA,NA,NA,2,Twisty Rye Bread Sticks,Tribute Loaf,5,IN
Lucy,4,NA,NA,NA,2,Grissini with Salt,Roast Tomato Bread,12,OUT
Ruby,4,NA,NA,NA,2,Mexican Breadsticks,White Chocolate and Orange Peacock Bread,3,STAR BAKER
Toby,4,NA,NA,NA,2,NA,NA,NA,NA
Ali,4,NA,NA,NA,3,"Coconut, Raspberry and Lemon Meringue Trifle",Vanilla Latte Mini CakesLime & Mint Shortbread Pops,5,IN
Beca,4,NA,NA,NA,3,Orange and Ginger Trifle,Limoncello and Blueberry BurstsMillionaire Shortbread,10,IN
Frances,4,NA,NA,NA,3,Apple and Blackberry Crumble Trifle,'Ballet Bites' Ginger NutcrackersSugar Plum Fairy Cakes,8,IN
Glenn,4,NA,NA,NA,3,Raspberry and Almond Trifle,Billionaire BouchéesOrange Financiers,1,IN
Howard,4,NA,NA,NA,3,Caramel and Apple Trifle*,Black Coffee and Cardamom CakesWhite Stilton and Pear Biscuits,7,IN
Kimberley,4,NA,NA,NA,3,"Peach, Almond and Ginger Trifle",Chocolate Pistachio FinanciersLemon Bergamot Biscuits,6,IN
Robert,4,NA,NA,NA,3,Rhubarb and Orange Trifle,Almond FriandsTurǫn Macaroons,2,IN
Ruby,4,NA,NA,NA,3,Desert Island Trifle,Lemon Shortbread and White Chocolate SeashellsBlackberry and Chocolate Layer Cakes,3,IN
Deborah,4,NA,NA,NA,3,Tropical Trifle*,Canelé Cherry and Chocolate CakesRose Cookies,9,OUT
Mark,4,NA,NA,NA,3,"Ginger, Mango and Passion Fruit Trifle",Rose and Pistachio MacaroonsChocolate and Raspberry Bites,11,OUT
Christine,4,NA,NA,NA,3,Caribbean Pina Colada Trifle,Ninety-NinersSachertorte Parcels,4,STAR BAKER
Lucy,4,NA,NA,NA,3,NA,NA,NA,NA
Toby,4,NA,NA,NA,3,NA,NA,NA,NA
Beca,4,NA,NA,NA,4,Mamgu's Cherry-Apple Tart,Moroccan Vegetable Filo Feast,2,IN
Christine,4,NA,NA,NA,4,"Granny Rogers' Apple, Plum & Cinnamon Country Pie",Roasted Vegetable Filo Pie with Feta Cheese,7,IN
Frances,4,NA,NA,NA,4,Peach Pie In the Sky,Cherry Tree Baklava Filo Pie,1,IN
Glenn,4,NA,NA,NA,4,Apple & Maple Syrup Pie,Spanakopita (Walnut and Feta Cheese),9,IN
Howard,4,NA,NA,NA,4,Apple Pie with Sage Pastry,Fresh Fig and Feta Filo Flan,5,IN
Robert,4,NA,NA,NA,4,Apple and Pear Pie with Thyme,Spanakopita with St George's Mushrooms,3,IN
Ruby,4,NA,NA,NA,4,Apple and Marzipan Pie,"Rose, Almond and Raspberry Filo Pie",6,IN
Ali,4,NA,NA,NA,4,Apple and Ginger Pie with a Pecan and Walnut Shortcrust Pastry,"Orange, Cardamom and Date M'Hanncha",8,OUT
Kimberley,4,NA,NA,NA,4,Pecan and Rosemary Caramel Apple Pie,"Chicken, Bacon and Butternut Squash Pie",4,STAR BAKER
Deborah,4,NA,NA,NA,4,NA,NA,NA,NA
Lucy,4,NA,NA,NA,4,NA,NA,NA,NA
Mark,4,NA,NA,NA,4,NA,NA,NA,NA
Toby,4,NA,NA,NA,4,NA,NA,NA,NA
Beca,4,NA,NA,NA,5,"Chocolate, Cherry and Hazelnut Brownies",Tiered Macaron and Sugar Dough Biscuit Centrepiece,5,IN
Frances,4,NA,NA,NA,5,Millionaire Banoffee Bonus,Biscuit Buttons and Beads,3,IN
Glenn,4,NA,NA,NA,5,Apricot and Pistachio Tiffin,Shortbread and Macaron Helter-Skelter,2,IN
Howard,4,NA,NA,NA,5,Breakfast Traybake,Japanese Pagoda Tea Tower,8,IN
Kimberley,4,NA,NA,NA,5,Cherry and Almond Bakewell Florentine Slice,Black and White Viennese Biscuit Stack,7,IN
Ruby,4,NA,NA,NA,5,Blackberry and Lemon Bakewell Slice,'Dropped Ice-Cream' Biscuit Centrepiece,6,IN
Robert,4,NA,NA,NA,5,Blueberry & Orange Traybake,Dalek,4,OUT
Christine,4,NA,NA,NA,5,Mixed Berry and Almond Crumble Traybake,Shortbread Bavarian Clock Tower,1,STAR BAKER
Ali,4,NA,NA,NA,5,NA,NA,NA,NA
Deborah,4,NA,NA,NA,5,NA,NA,NA,NA
Lucy,4,NA,NA,NA,5,NA,NA,NA,NA
Mark,4,NA,NA,NA,5,NA,NA,NA,NA
Toby,4,NA,NA,NA,5,NA,NA,NA,NA
Beca,4,NA,NA,NA,6,Bara Brith,Chocolate and Rum-Soaked Prune BriochesCardamom Spiced Lemon Iced Buns,6,IN
Christine,4,NA,NA,NA,6,Oxford Nutty Fruit Loaf,Schnecken BunsVanilla Custard Skolebrød,4,IN
Frances,4,NA,NA,NA,6,Chai Tea Loaf,Hot Cross BriochesRhubarb and Custard Kolaches,2,IN
Glenn,4,NA,NA,NA,6,Devonshire Panettone,Almond and Apricot BriochesSticky Caramel Kanelbullen,5,IN
Kimberley,4,NA,NA,NA,6,Chai Spiced Ginger and Date Tea Loaf,Double Chocolate and Hazelnut BriochesDanish Kanelsnurrer,3,IN
Howard,4,NA,NA,NA,6,Date & Hemp Yorkshire Loaf,Peachy BunsGerman Baumschnecken,7,OUT
Ruby,4,NA,NA,NA,6,Citrus Tea Loaf,Twisted Swedish KanelbullarSaffron St. Lucia Buns,1,STAR BAKER
Ali,4,NA,NA,NA,6,NA,NA,NA,NA
Deborah,4,NA,NA,NA,6,NA,NA,NA,NA
Lucy,4,NA,NA,NA,6,NA,NA,NA,NA
Mark,4,NA,NA,NA,6,NA,NA,NA,NA
Robert,4,NA,NA,NA,6,NA,NA,NA,NA
Toby,4,NA,NA,NA,6,NA,NA,NA,NA
Beca,4,NA,NA,NA,7,Spring Lamb and Vegetable Suet Puddingwith Redcurrant Gravy,Nectarine and Frangipane SquaresChocolate and Hazelnut Vol-au-ventsStrawberries and Cream Mille-feuille,1,IN
Christine,4,NA,NA,NA,7,Spotted Dick 'With a Kick'and Vanilla Custard Ice Cream,Eccles CakesFresh Fruit BasketsLemon Cream Eton Mess Mille-feuille,6,IN
Kimberley,4,NA,NA,NA,7,Barberry and Apple Spotted Dickwith Maple Syrup and White Chocolate Custard,"Pear, Malt and Butterscotch Mille-feuilleBlackberry and Lemon Verbena Crème Brûle Custard TartsFig, Orange and Thyme Galette",4,IN
Ruby,4,NA,NA,NA,7,Plum Jam Roly-Polywith Ginger Ice cream,Raspberry and Passion Fruit Mille-feuilleCaramelised Apple LatticePortuguese Custard Tarts,2,IN
Glenn,4,NA,NA,NA,7,Prune and Armagnac Puddingwith Boozy Butterscotch Sauce,Caramelised Apple and Marzipan TartletsChocolate Elephant EarsPassion Fruit Mille-feuille,3,OUT
Frances,4,NA,NA,NA,7,Figgy Roll-y Poly Puddingwith Caramelised Walnut and Honey Ice-Cream,French Framboise Cream HornsSheet Music Mille-feuilleBass Clef Palmiers,5,STAR BAKER
Ali,4,NA,NA,NA,7,NA,NA,NA,NA
Deborah,4,NA,NA,NA,7,NA,NA,NA,NA
Howard,4,NA,NA,NA,7,NA,NA,NA,NA
Lucy,4,NA,NA,NA,7,NA,NA,NA,NA
Mark,4,NA,NA,NA,7,NA,NA,NA,NA
Robert,4,NA,NA,NA,7,NA,NA,NA,NA
Toby,4,NA,NA,NA,7,NA,NA,NA,NA
Beca,4,NA,NA,NA,8,"Potato, Spelt and Rosemary Focaccia",Spiced Butternut Squash and Pecan 'Cheese' Cake,4,IN
Frances,4,NA,NA,NA,8,'Chelsea Flour Show' Bun Bouquet,"Hidden Carrot Cake (Ground Praline, Beetroot and Walnut)",3,IN
Kimberley,4,NA,NA,NA,8,Wild Garlic Pesto and Parma Ham Spelt Loaf,Butternut Squash and Spice Cake Toadstool House,2,IN
Christine,4,NA,NA,NA,8,"Multi-Seeded Loaf with Pumpkin, Sesame and Sunflower Seeds",Sweet Potato Guitar with Passion Fruit Icing and Marshmallow Fondant,5,OUT
Ruby,4,NA,NA,NA,8,Mango and Nigella Seed Spelt Cob,Carrot Cake and Pistachio Garden Plot,1,STAR BAKER
Ali,4,NA,NA,NA,8,NA,NA,NA,NA
Deborah,4,NA,NA,NA,8,NA,NA,NA,NA
Glenn,4,NA,NA,NA,8,NA,NA,NA,NA
Howard,4,NA,NA,NA,8,NA,NA,NA,NA
Lucy,4,NA,NA,NA,8,NA,NA,NA,NA
Mark,4,NA,NA,NA,8,NA,NA,NA,NA
Robert,4,NA,NA,NA,8,NA,NA,NA,NA
Toby,4,NA,NA,NA,8,NA,NA,NA,NA
Frances,4,NA,NA,NA,9,"Legume Canapés:
Chantenay CarrotsChoux Pastry TomatoesCauliflower Cheese Scones",Great British Soap Opera Cake,2,IN
Ruby,4,NA,NA,NA,9,"Beetroot Jelly on Poppy Seed BiscuitsSpinach, Parmesan and Egg TartletsChoux Buns with Goat's Cheese and Caramelised Onions","Chocolate, Almond Praline and Saffron Opera Cake",4,IN
Beca,4,NA,NA,NA,9,Stilton and Walnut MacaronsBeetroot and Salmon Choux PuffsWelsh Rarebit Tartlets,Banoffee Opera Cake,3,OUT
Kimberley,4,NA,NA,NA,9,Pea Purée TartsCrab and Wasabi ProfiterolesSteamed Buns with Barbecue Chicken,Passion Fruit and Lime Opera Cake,1,STAR BAKER
Ali,4,NA,NA,NA,9,NA,NA,NA,NA
Christine,4,NA,NA,NA,9,NA,NA,NA,NA
Deborah,4,NA,NA,NA,9,NA,NA,NA,NA
Glenn,4,NA,NA,NA,9,NA,NA,NA,NA
Howard,4,NA,NA,NA,9,NA,NA,NA,NA
Lucy,4,NA,NA,NA,9,NA,NA,NA,NA
Mark,4,NA,NA,NA,9,NA,NA,NA,NA
Robert,4,NA,NA,NA,9,NA,NA,NA,NA
Toby,4,NA,NA,NA,9,NA,NA,NA,NA
Kimberley,4,NA,NA,NA,10,Chicken and Pig Pie,Languages of Love Wedding Cake,1,Runner-up
Ruby,4,NA,NA,NA,10,Picnic Basket Pie,"Raspberry, Lemon and Passion Fruit Wedding Cake",2,Runner-up
Frances,4,NA,NA,NA,10,Rainbow Picnic Pie,Midsummer Night's Dream Wedding Cake,3,WINNER
Ali,4,NA,NA,NA,10,NA,NA,NA,NA
Beca,4,NA,NA,NA,10,NA,NA,NA,NA
Christine,4,NA,NA,NA,10,NA,NA,NA,NA
Deborah,4,NA,NA,NA,10,NA,NA,NA,NA
Glenn,4,NA,NA,NA,10,NA,NA,NA,NA
Howard,4,NA,NA,NA,10,NA,NA,NA,NA
Lucy,4,NA,NA,NA,10,NA,NA,NA,NA
Mark,4,NA,NA,NA,10,NA,NA,NA,NA
Robert,4,NA,NA,NA,10,NA,NA,NA,NA
Toby,4,NA,NA,NA,10,NA,NA,NA,NA
Chetna,5,NA,NA,NA,1,"Cardamom, Pistachio and Coffee Swiss Roll",Tiered Victoria Sponges with Lemon Curd and Raspberry Cream,3,IN
Diana,5,NA,NA,NA,1,Mum's Sunday Tea Lemon Curd Swiss Roll,Chocolate Ganache Surprises,5,IN
Enwezor,5,NA,NA,NA,1,Raspberry and Lemon Swiss Roll,Coffee and Walnut Battenberg Squares,9,IN
Iain,5,NA,NA,NA,1,Apricot and Basil Swiss Roll with Mascarpone and White Chocolate Cream,"Lemon Drizzle Cakes with Mascarpone Filling, Drizzled Icing, and Candied Lemon",4,IN
Jordan,5,NA,NA,NA,1,Kawaii Frasier Swiss Roll,Lemon Drizzle Cakes with Blueberry and Lemon Curd,12,IN
Kate,5,NA,NA,NA,1,Red Velvet and White Chocolate Swiss Roll,Mini Tiered Victoria Sponges,6,IN
Luis,5,NA,NA,NA,1,Spanish Swiss Roll,Raspberry and Lemon Genoise Slices with Lemon Drizzles,7,IN
Martha,5,NA,NA,NA,1,Tiramisu Swiss Roll,Mini Lemon and Thyme Drizzle Cakes,2,IN
Norman,5,NA,NA,NA,1,Black Forest Swiss Roll,Almond and Raspberry Mini Cakes,11,IN
Richard,5,NA,NA,NA,1,Pistachio and Strawberry Swiss Roll,Miniature Coffee & Walnut Cakes,10,IN
Claire,5,NA,NA,NA,1,Chocolatey Orangey Swirly Roll,Mini Chocolate and Cherry Cakes,8,OUT
Nancy,5,NA,NA,NA,1,Coffee and Hazelnut Swiss Roll,Jaffa Orange Cakes,1,STAR BAKER
Chetna,5,NA,NA,NA,2,Fenugreek and Carom Crackers,Day On The Beach,8,IN
Diana,5,NA,NA,NA,2,Parmesan Triangles,"Express, First Class",7,IN
Iain,5,NA,NA,NA,2,Za'atar and Fig Biscuits,Wild West Scene,11,IN
Jordan,5,NA,NA,NA,2,"Sourdough, Parmesan and Chilli Biscuits",Monster Attack,6,IN
Kate,5,NA,NA,NA,2,Parmesan and Apple Biscuits,Tea Time,4,IN
Luis,5,NA,NA,NA,2,Black Olive and Rosemary Biscuits with Caramelised Onion Glaze,George Versus The Dragon,3,IN
Martha,5,NA,NA,NA,2,Caramelised Onion and Goat's Cheese Sandwich Biscuits,Ski Village Scene,5,IN
Nancy,5,NA,NA,NA,2,Fennel and Rye Thins,Hansel and Gretel Scene,2,IN
Norman,5,NA,NA,NA,2,Farthing Biscuits,Zulu Boats at Dawn,10,IN
Enwezor,5,NA,NA,NA,2,Pumpkin and Sunflower Savoury Biscuits,Space Adventure Moon Scene,9,OUT
Richard,5,NA,NA,NA,2,Rosemary Seeded Crackers,Pirates!,1,STAR BAKER
Claire,5,NA,NA,NA,2,NA,NA,NA,NA
Chetna,5,NA,NA,NA,3,Onion and Pine Nut Rolls,Rolled and Filled Twin Loaf,8,IN
Diana,5,NA,NA,NA,3,Rustic Picnic Rolls,Sharing Savoury Pinwheel,7,IN
Iain,5,NA,NA,NA,3,Cranberry and Walnut Rye Bread Rolls,Moroccan Plaited with a Bessara Dip,9,IN
Kate,5,NA,NA,NA,3,Orange and Cardamom Rye Bread Knots,"Prosciutto, Olive and Coriander Bread",1,IN
Martha,5,NA,NA,NA,3,Date and Walnut Rye Rolls,Stuffed Sunflower Loaf,3,IN
Nancy,5,NA,NA,NA,3,Cider and Walnut Crusty Rolls,'Full English' Stromboli,5,IN
Norman,5,NA,NA,NA,3,Rye Bread Rolls,Chicken and Roasted Vegetable Picnic Loaf,4,IN
Richard,5,NA,NA,NA,3,Rye and Cranberry Rolls,Pesto Pinwheel,6,IN
Jordan,5,NA,NA,NA,3,Rye and Spelt Bread Rolls,Strawberry Raspberry Cheesecake Brioche,10,OUT
Luis,5,NA,NA,NA,3,Opposites Attract Rolls,Roscón de Reyes,2,STAR BAKER
Claire,5,NA,NA,NA,3,NA,NA,NA,NA
Enwezor,5,NA,NA,NA,3,NA,NA,NA,NA
Chetna,5,NA,NA,NA,4,"Rhubarb, Strawberry and Orange Puddings","Mango, Raspberry and Coconut Baked Alaska",3,IN
Diana,5,NA,NA,NA,4,Orange and Lemon Curd Pots,Raspberry Ripple Alaska Swan,9,IN
Kate,5,NA,NA,NA,4,Chocolate and Salted Caramel Molten Puddings,"Pistachio, Raspberry and Chocolate Baked Alaska",7,IN
Luis,5,NA,NA,NA,4,Pears in Puddings,Bakewell Alaska,2,IN
Martha,5,NA,NA,NA,4,Peanut Butter Chocolate Fondants,Key Lime Baked Alaska,1,IN
Nancy,5,NA,NA,NA,4,Pistachio Puddings with Chocolate Sauce,Summer Pudding Alaska,4,IN
Norman,5,NA,NA,NA,4,Mini Sticky Toffee Puddings,Baked Alaska with Strawberry Surprise,8,IN
Iain,5,NA,NA,NA,4,"Chocolate, Lime and Raspberry Fondants","Chocolate, Black Sesame Seed and Coffee Caramel Baked Alaska (not presented)",6,OUT
Richard,5,NA,NA,NA,4,Black Forest Chocolate Fondants,Tiramisu Baked Alaska,5,STAR BAKER
Claire,5,NA,NA,NA,4,NA,NA,NA,NA
Enwezor,5,NA,NA,NA,4,NA,NA,NA,NA
Jordan,5,NA,NA,NA,4,NA,NA,NA,NA
Chetna,5,NA,NA,NA,5,Rice Custard Tart with Mangoes and Raspberries,Fusion Tiered Pies,2,IN
Luis,5,NA,NA,NA,5,Tropical Manchester Tart,Four Fruity Seasons Tower,6,IN
Martha,5,NA,NA,NA,5,"Pistachio, Apricot and Honey Custard Tart",Three Little Pigs Pie,1,IN
Nancy,5,NA,NA,NA,5,Chocolate Crusted Passion Fruit Tart,Trio of Apple Pies,4,IN
Richard,5,NA,NA,NA,5,Fig and Orange Tart,Three Course Autumn Pie Feast,7,IN
Norman,5,NA,NA,NA,5,Tarte au Citron,Pieful Tower,5,OUT
Kate,5,NA,NA,NA,5,Rhubarb and Custard Tart,"Rhubarb, Prune and Apple Pies",3,STAR BAKER
Diana,5,NA,NA,NA,5,NA,NA,NA,WD
Claire,5,NA,NA,NA,5,NA,NA,NA,NA
Enwezor,5,NA,NA,NA,5,NA,NA,NA,NA
Iain,5,NA,NA,NA,5,NA,NA,NA,NA
Jordan,5,NA,NA,NA,5,NA,NA,NA,NA
Diana,5,NA,NA,NA,6,NA,NA,NA,IN
Kate,5,NA,NA,NA,6,"Pecan, Chocolate and Sour Cherry Yeast Cake",Trio of Dobos Tortes,6,IN
Luis,5,NA,NA,NA,6,Apple and Cinnamon Kugelhopf with Honeyed Apples,The Cage on the Rocky Hill,3,IN
Martha,5,NA,NA,NA,6,Dark Chocolate and Almond Liqueur Savarin,Chess-Themed Chocolate and Salted Caramel Dobos Torte,4,IN
Nancy,5,NA,NA,NA,6,Rum Punch Savarin with Coconut Cream and Tropical Fruits,Chocolate and Caramel Dobos Torte,1,IN
Richard,5,NA,NA,NA,6,Fruity Guglhupf with an Orange Glaze,Sugar Forest Dobos Torte,5,IN
Chetna,5,NA,NA,NA,6,Orange Savarin with Cinnamon Cream,Almond Liqueur Dobos Torte with Chocolate Caramel Buttercream,2,STAR BAKER
Claire,5,NA,NA,NA,6,NA,NA,NA,NA
Enwezor,5,NA,NA,NA,6,NA,NA,NA,NA
Iain,5,NA,NA,NA,6,NA,NA,NA,NA
Jordan,5,NA,NA,NA,6,NA,NA,NA,NA
Norman,5,NA,NA,NA,6,NA,NA,NA,NA
Chetna,5,NA,NA,NA,7,Crispy Lentil Kachori,Chocolate and Mango & Lemon Meringue Éclairs,6,IN
Diana,5,NA,NA,NA,7,NA,NA,NA,IN
Luis,5,NA,NA,NA,7,Childhood Empanadas,"Stars and Stripes Éclairs
(Blueberry Cheesecake & Peanut Butter and Jelly Éclairs)",5,IN
Martha,5,NA,NA,NA,7,Mini Beef Wellingtons,Rhubarb and Custard & Maple Syrup and Bacon Éclairs,3,IN
Nancy,5,NA,NA,NA,7,Spicy Duck Pasties,Smoked Salmon and Horseradish & Raspberry Ripple Éclairs,2,IN
Kate,5,NA,NA,NA,7,Spinach and Paneer Spicy Samosa,Neapolitan & Lemon Meringue Éclairs,4,OUT
Richard,5,NA,NA,NA,7,Minted Lamb Pasties,"Stair of Éclairs
(Lavender and Blueberry & Rose and Raspberry Éclairs)",1,STAR BAKER
Claire,5,NA,NA,NA,7,NA,NA,NA,NA
Enwezor,5,NA,NA,NA,7,NA,NA,NA,NA
Iain,5,NA,NA,NA,7,NA,NA,NA,NA
Jordan,5,NA,NA,NA,7,NA,NA,NA,NA
Norman,5,NA,NA,NA,7,NA,NA,NA,NA
Chetna,5,NA,NA,NA,8,Date and Walnut Swirl Bread,Chocolate Mousse Filled DoughnutsBraided Doughnuts,1,IN
Diana,5,NA,NA,NA,8,NA,NA,NA,IN
Luis,5,NA,NA,NA,8,Black Forest Cherry Tree,"Cocktail Doughnuts
(Mudslide & Raspberry Mojito)",2,IN
Nancy,5,NA,NA,NA,8,Lincolnshire Plum Braid,"Doughnut Family Tree
(Limoncello and Almond & Milk Chocolate and Orange)",3,IN
Martha,5,NA,NA,NA,8,Spiced Plum Iced Bread Swirl,Glazed Lemon & Poppy Seed DoughnutsChocolate & Passion Fruit Doughnuts,5,OUT
Richard,5,NA,NA,NA,8,Fruit Swedish Tea Ring,Rhubarb and Custard and Toffee Apple Doughnuts,4,STAR BAKER
Claire,5,NA,NA,NA,8,NA,NA,NA,NA
Enwezor,5,NA,NA,NA,8,NA,NA,NA,NA
Iain,5,NA,NA,NA,8,NA,NA,NA,NA
Jordan,5,NA,NA,NA,8,NA,NA,NA,NA
Kate,5,NA,NA,NA,8,NA,NA,NA,NA
Norman,5,NA,NA,NA,8,NA,NA,NA,NA
Diana,5,NA,NA,NA,9,NA,NA,NA,IN
Luis,5,NA,NA,NA,9,Indian Rose BaklavaHalwa Baklava Rolls,"Chocolate Mousse & Cherry EntremetsPomegranate, Fig & Pistachio Sponges",1,IN
Nancy,5,NA,NA,NA,9,Coffee and Chocolate BaklavaBreakfast Baklava,Raspberry NonnettesLime and Passion Fruit Entremets,3,IN
Chetna,5,NA,NA,NA,9,Chocolate Orange Baklava Masala Chai Baklava,"Chocolate, Orange & Nut EntremetsCappuccino Entremets",4,OUT
Richard,5,NA,NA,NA,9,Rose and Pistachio BaklavaWalnut and Almond Baklava,Hazelnut Mocha EntremetsPink Grapefruit Entremets,2,STAR BAKER
Claire,5,NA,NA,NA,9,NA,NA,NA,NA
Enwezor,5,NA,NA,NA,9,NA,NA,NA,NA
Iain,5,NA,NA,NA,9,NA,NA,NA,NA
Jordan,5,NA,NA,NA,9,NA,NA,NA,NA
Kate,5,NA,NA,NA,9,NA,NA,NA,NA
Martha,5,NA,NA,NA,9,NA,NA,NA,NA
Norman,5,NA,NA,NA,9,NA,NA,NA,NA
Diana,5,NA,NA,NA,10,NA,NA,NA,IN
Luis,5,NA,NA,NA,10,"Apple, Walnut, Raisin and Cheshire Cheese ChaussonsPain au Chocolat Blanc with Raspberries and Cream Cheese",Village in Chocolate,2,Runner-up
Richard,5,NA,NA,NA,10,Pear Pain au ChocolatPain Au Lait,Mill on the Hill,3,Runner-up
Nancy,5,NA,NA,NA,10,Apple and Lemon KitesRaspberry and Almond Croissants,Red Windmill,1,WINNER
Chetna,5,NA,NA,NA,10,NA,NA,NA,NA
Claire,5,NA,NA,NA,10,NA,NA,NA,NA
Enwezor,5,NA,NA,NA,10,NA,NA,NA,NA
Iain,5,NA,NA,NA,10,NA,NA,NA,NA
Jordan,5,NA,NA,NA,10,NA,NA,NA,NA
Kate,5,NA,NA,NA,10,NA,NA,NA,NA
Martha,5,NA,NA,NA,10,NA,NA,NA,NA
Norman,5,NA,NA,NA,10,NA,NA,NA,NA
Alvin,6,NA,NA,NA,1,Orange Vanilla and Fig Madeira Cake,Black Forest Gâteau,2,IN
Dorret,6,NA,NA,NA,1,Madeira Cake with Candied Lemons,Enchanted Forest Gâteau,5,IN
Flora,6,NA,NA,NA,1,Blood Orange Madeira Cake,Black Forest Gâteau,6,IN
Ian,6,NA,NA,NA,1,Somewhere West of Madeira Cake,Black Forest Cherry Tree,8,IN
Mat,6,NA,NA,NA,1,Gin and Tonic Madeira Cake,Black Forest Gateau,7,IN
Nadiya,6,NA,NA,NA,1,Orange and Green Cardamom Madeira Cake,Quadruple Chocolate Black Forest Gâteau,12,IN
Paul,6,NA,NA,NA,1,"Lemon, Ginger and Caraway Seed Madeira Cake",Black Forest Chocolate Creation,10,IN
Sandy,6,NA,NA,NA,1,Madeira Cake with Almond Liqueur and Chopped Apricots,Black Forest Gâteau,9,IN
Tamal,6,NA,NA,NA,1,Pistachio and Rose Madeira Cake,Black Forest Gâteau in a Chocolate Shell,4,IN
Ugnė,6,NA,NA,NA,1,Lemon and Thyme Madeira Cake,Falling Cup Gâteau,1,IN
Stu,6,NA,NA,NA,1,Marley Madeira Cake,Purple Forest Gâteau,11,OUT
Marie,6,NA,NA,NA,1,Zingy Citrus Madeira Cake,A Walk in the Black Forest,3,STAR BAKER
Alvin,6,NA,NA,NA,2,"Jackfruit, Pistachio and Macadamia Biscotti",Gingerbread Box filled with Brandy Snaps,6,IN
Dorret,6,NA,NA,NA,2,Almond and Apricot Biscotti with Amber Sugar Crystals,Box of Frogs,1,IN
Flora,6,NA,NA,NA,2,Wedding Biscotti,Honey and Earl Grey Tea Box,2,IN
Mat,6,NA,NA,NA,2,"Pistachio, Cranberry and White Chocolate Biscotti",Gingerbread Fire Engine,5,IN
Nadiya,6,NA,NA,NA,2,"Coconut, Fennel and Pistachio Biscotti",Box of Fortunes,9,IN
Paul,6,NA,NA,NA,2,"Chocolate, Hazelnut and Fig Biscotti",Memory Box,10,IN
Sandy,6,NA,NA,NA,2,Chocolate Chunk and Hazelnut Biscotti,Sundried Tomato Cheese Biscuit Box,4,IN
Tamal,6,NA,NA,NA,2,"Cinnamon, Maple and Cranberry Biscotti",Chessboard Box,8,IN
Ugnė,6,NA,NA,NA,2,White Wine Biscotti,Baby Climbing into the Cookie Box,7,IN
Marie,6,NA,NA,NA,2,Biscotti Italiano,Russian Box,11,OUT
Ian,6,NA,NA,NA,2,"Orange, Rosemary and Almond Biscotti",Sandwich de la Confiture,3,STAR BAKER
Stu,6,NA,NA,NA,2,NA,NA,NA,NA
Alvin,6,NA,NA,NA,3,"Prosciutto, Manchego and Balsamic Onion Soda Breads",Cornucopia,4,IN
Flora,6,NA,NA,NA,3,Fig and Hazelnut Rye Breads,Herb Couture,2,IN
Mat,6,NA,NA,NA,3,"Jalapeño, Mexican Cheddar and Smoked Salt Soda Breads",Curry Inspired Brighton Pavilion,8,IN
Nadiya,6,NA,NA,NA,3,Mexican Bread with Warm Tomato Salsa,Snake Charmer's Basket,9,IN
Paul,6,NA,NA,NA,3,Cranberry and Orange Sweet Soda Breads,King of the Jungle,10,IN
Sandy,6,NA,NA,NA,3,Soda Breads with Smoked Bacon and Onion,Basket of Bread Flowers with a Walnut and Blue Cheese Centre,7,IN
Tamal,6,NA,NA,NA,3,"Fig, Cheese and Walnut Breads",Breadcycle,3,IN
Ugnė,6,NA,NA,NA,3,Chocolate Quick Breads with Salted Caramel Sauce,Easter Basket,5,IN
Dorret,6,NA,NA,NA,3,Walnut and Stilton Soda Breads,Unmade Bread,6,OUT
Ian,6,NA,NA,NA,3,Wild Garlic Pesto Soda Breads,Flour Power,1,STAR BAKER
Marie,6,NA,NA,NA,3,NA,NA,NA,NA
Stu,6,NA,NA,NA,3,NA,NA,NA,NA
Alvin,6,NA,NA,NA,4,Blackberry Crème Brûlées,Tower of Fruits Cheesecakes,9,IN
Flora,6,NA,NA,NA,4,Rhubarb and Ginger Crème Brûlées,Elderflower and Granola Cheesecakes,3,IN
Mat,6,NA,NA,NA,4,Coconut Crème Brûlées,Chocolate Bar Cheesecakes,7,IN
Nadiya,6,NA,NA,NA,4,Cinnamon Tea Crème Brûlées,Fizzy Pop Cheesecakes,8,IN
Paul,6,NA,NA,NA,4,Almond Crème Brûlées,Berry Cheesecake Tower,1,IN
Tamal,6,NA,NA,NA,4,Rhubarb and Ginger Crème Brûlées,"Mango, Hazelnut and Rosemary Cheesecake Trio",5,IN
Ugnė,6,NA,NA,NA,4,Marula Fruit and Coffee Liqueur Crème Brûlées,"Lime, Coconut and Hazelnut Cheesecakes",2,IN
Sandy,6,NA,NA,NA,4,Pontefract Crème Brûlées,"Cassata, Whisky and Orange & Apple Pie Cheesecakes",6,OUT
Ian,6,NA,NA,NA,4,Pomegranate Two Ways Crème Brûlées,Trio of Spicy and Herby Baked Cheesecakes,4,STAR BAKER
Dorret,6,NA,NA,NA,4,NA,NA,NA,NA
Marie,6,NA,NA,NA,4,NA,NA,NA,NA
Stu,6,NA,NA,NA,4,NA,NA,NA,NA
Alvin,6,NA,NA,NA,5,Pineapple Upside Down Cake,"Buko Pandan, Mango and Passion Fruit Ice Cream Roll",8,IN
Flora,6,NA,NA,NA,5,"Pistachio, Apple and Cardamom Madeleine Cake",Chocolate and Pear Bûche,3,IN
Ian,6,NA,NA,NA,5,Honey and Flowers Cake,Dessert Island,5,IN
Mat,6,NA,NA,NA,5,Sugar Free Carrot Cake,Raspberry and Coconut Ice Cream Roll,4,IN
Paul,6,NA,NA,NA,5,Carrot & Pecan Cake,Dessert Island Getaway,2,IN
Tamal,6,NA,NA,NA,5,Honey and Grapefruit Polenta Cake,Passion Fruit and Pineapple Ice Cream Roll,7,IN
Ugnė,6,NA,NA,NA,5,Chocolate and Hazelnut Sugar-Free Cake,"Chocolate, Peanut Butter and Grape Jam Roll",6,OUT
Nadiya,6,NA,NA,NA,5,Naked Blueberry and Caraway Crunch Cake,Chocolate and Strawberry Lime Ice Cream Roll,1,STAR BAKER
Dorret,6,NA,NA,NA,5,NA,NA,NA,NA
Marie,6,NA,NA,NA,5,NA,NA,NA,NA
Sandy,6,NA,NA,NA,5,NA,NA,NA,NA
Stu,6,NA,NA,NA,5,NA,NA,NA,NA
Flora,6,NA,NA,NA,6,Apricot and Rosemary Frangipane Tart,Asparagus and Parma Ham and Praline and Chocolate Vol-au-vents,2,IN
Ian,6,NA,NA,NA,6,Pear and Raspberry Frangipane Tart,vol-au-vents Terre et Mer,3,IN
Nadiya,6,NA,NA,NA,6,"Bay Leaf, Rong Tea and Pear Tart",Bengali Korma and Clementine with Cod Vol-au-vents,4,IN
Paul,6,NA,NA,NA,6,Christmas Frangipane Tart,Savoury and Sweet Bouchées,5,IN
Tamal,6,NA,NA,NA,6,Spiced Pear Frangipane Tart,Fennel and Rosemary Pulled Pork and Chicken and Coriander vol-au-vents,7,IN
Alvin,6,NA,NA,NA,6,Plum Frangipane Tart,Smoked Salmon En Croûte and Vermouth Chicken à la King Vol-au-vents,6,OUT
Mat,6,NA,NA,NA,6,Piña Colada Frangipane Tart,His 'n' Hers Vol-au-vents,1,STAR BAKER
Dorret,6,NA,NA,NA,6,NA,NA,NA,NA
Marie,6,NA,NA,NA,6,NA,NA,NA,NA
Sandy,6,NA,NA,NA,6,NA,NA,NA,NA
Stu,6,NA,NA,NA,6,NA,NA,NA,NA
Ugnė,6,NA,NA,NA,6,NA,NA,NA,NA
Flora,6,NA,NA,NA,7,Game Pie with Shallot and Apple Chutney,"Raspberry, Pomegranate and Champagne Charlotte Russe",4,IN
Ian,6,NA,NA,NA,7,Roadkill Pie,Victoria's Crown Charlotte Russe,5,IN
Nadiya,6,NA,NA,NA,7,Aromatic Raised Game Pie,Mango and Raspberry Charlotte Russe,1,IN
Paul,6,NA,NA,NA,7,Not a Boaring Pie,Charlotte Rose,2,IN
Mat,6,NA,NA,NA,7,Raised Venison and Pigeon Pie,Strawberry Charlotte Russe,6,OUT
Tamal,6,NA,NA,NA,7,Middle Eastern Game Pie,"Spiced Blackberry, Raspberry and Cardamom Charlotte Russe",3,STAR BAKER
Alvin,6,NA,NA,NA,7,NA,NA,NA,NA
Dorret,6,NA,NA,NA,7,NA,NA,NA,NA
Marie,6,NA,NA,NA,7,NA,NA,NA,NA
Sandy,6,NA,NA,NA,7,NA,NA,NA,NA
Stu,6,NA,NA,NA,7,NA,NA,NA,NA
Ugnė,6,NA,NA,NA,7,NA,NA,NA,NA
Flora,6,NA,NA,NA,8,Peach & Lemon Thyme and Smoked Almond & Butterscotch Cream Horns,Lime & Basil and Coconut & White Chocolate Religieuse à l'ancienne,3,IN
Ian,6,NA,NA,NA,8,Mont Blanc & Black Forest Gâteau Horns,Nun with Hidden Passions,2,IN
Tamal,6,NA,NA,NA,8,Lime & Mascarpone and Malt Cream Horns,Passionfruit & Mango and Pistachio & Raspberry Religieuse à l'ancienne,4,IN
Paul,6,NA,NA,NA,8,Café Tipple & Banana Crunch-away Horns,Religieuse à l'ancienne,5,OUT
Nadiya,6,NA,NA,NA,8,Rose Pistachio and Mocha Hazelnut Horns,Bubble Gum and Peppermint Cream Religieuse à l'ancienne,1,STAR BAKER
Alvin,6,NA,NA,NA,8,NA,NA,NA,NA
Dorret,6,NA,NA,NA,8,NA,NA,NA,NA
Marie,6,NA,NA,NA,8,NA,NA,NA,NA
Mat,6,NA,NA,NA,8,NA,NA,NA,NA
Sandy,6,NA,NA,NA,8,NA,NA,NA,NA
Stu,6,NA,NA,NA,8,NA,NA,NA,NA
Ugnė,6,NA,NA,NA,8,NA,NA,NA,NA
Ian,6,NA,NA,NA,9,Chocolate and Bay Tart,Chocolate Well,3,IN
Tamal,6,NA,NA,NA,9,Chocolate New York Pie,Chocolate Bell Tower,2,IN
Flora,6,NA,NA,NA,9,Passion Fruit and Chocolate Tart,Cocoa Carousel,1,OUT
Nadiya,6,NA,NA,NA,9,Peanut Salted Caramel and Chocolate Tart,Peacock in Nan's Door,4,STAR BAKER
Alvin,6,NA,NA,NA,9,NA,NA,NA,NA
Dorret,6,NA,NA,NA,9,NA,NA,NA,NA
Marie,6,NA,NA,NA,9,NA,NA,NA,NA
Mat,6,NA,NA,NA,9,NA,NA,NA,NA
Paul,6,NA,NA,NA,9,NA,NA,NA,NA
Sandy,6,NA,NA,NA,9,NA,NA,NA,NA
Stu,6,NA,NA,NA,9,NA,NA,NA,NA
Ugnė,6,NA,NA,NA,9,NA,NA,NA,NA
Ian,6,NA,NA,NA,10,Elderflower and Lemon & Spiced Buns,Colossal Curvy Carrot Cake,2,Runner-up
Tamal,6,NA,NA,NA,10,Cinnamon and Apple & Toffee and Marmalade Iced Buns,Sticky Toffee Pudding Cake,3,Runner-up
Nadiya,6,NA,NA,NA,10,Cardamom and Almond Buns & Nutmeg and Sour Cherry Fingers,My Big Fat British Wedding Cake,1,WINNER
Alvin,6,NA,NA,NA,10,NA,NA,NA,NA
Dorret,6,NA,NA,NA,10,NA,NA,NA,NA
Flora,6,NA,NA,NA,10,NA,NA,NA,NA
Marie,6,NA,NA,NA,10,NA,NA,NA,NA
Mat,6,NA,NA,NA,10,NA,NA,NA,NA
Paul,6,NA,NA,NA,10,NA,NA,NA,NA
Sandy,6,NA,NA,NA,10,NA,NA,NA,NA
Stu,6,NA,NA,NA,10,NA,NA,NA,NA
Ugnė,6,NA,NA,NA,10,NA,NA,NA,NA
Andrew,7,NA,NA,NA,1,Lemon and Rosemary Drizzle Cake,'Ultimate Indulgence' Mirror Glaze Cake,12,IN
Benjamina,7,NA,NA,NA,1,"Pistachio, Cardamom and Lemon Drizzle Cake",White Chocolate Mirror Glaze with Salted Praline Buttercream,6,IN
Candice,7,NA,NA,NA,1,Raspberry and Rhubarb Drizzle Custard Bundt Cake,"Mirror Mirror On The Wall, Who Is The Shiniest Cake Of Them All?",5,IN
Kate,7,NA,NA,NA,1,Berry Best Apple and Bramble Drizzle Cake,One Swallow Does Not Make A Summer Cake,4,IN
Louise,7,NA,NA,NA,1,Orange Liqueur and Lemonade Drizzle Cake,White Chocolate Trifle Mirror Glaze Cake,9,IN
Michael,7,NA,NA,NA,1,"Lime, Ginger and Honey Drizzle Cake",Matcha Tea Chocolate Mirror Glaze,3,IN
Rav,7,NA,NA,NA,1,Ginger Spice Yuzu Drizzle Cake,Colombian Mocha Mirror Glaze Cake,8,IN
Selasi,7,NA,NA,NA,1,Citrus and Spice Drizzle Cake,"Raspberry, Sloe and White Chocolate Mirror Glaze Cake",1,IN
Tom,7,NA,NA,NA,1,G&T Drizzle Cake,Black Forest Broken Mirror,2,IN
Val,7,NA,NA,NA,1,Mum's Orange and Lemon Drizzle,Chocolate Sponge with Four Fruit Frosting,10,IN
Lee,7,NA,NA,NA,1,St. Clements Orange and Lemon Drizzle Cake,Strawberry Surprise Mirror Cake,11,OUT
Jane,7,NA,NA,NA,1,Lemon and Poppy Seed Drizzle Cake,Chocolate Orange Mirror Cake,7,STAR BAKER
Andrew,7,NA,NA,NA,2,Beehive Biscuits,Punting in Cambridge,4,IN
Benjamina,7,NA,NA,NA,2,Bouquet Biscuits,"New York, New York",3,IN
Jane,7,NA,NA,NA,2,Flower Pot Iced Biscuits,Hastings Old Town Fishing Net Shops and Boat,2,IN
Kate,7,NA,NA,NA,2,"""A Biscuit for the Broads""","""I Promise I will do my best""",1,IN
Michael,7,NA,NA,NA,2,"Malt, Chocolate and Orange Iced ""Beer"" Biscuits",Trip to See Santa in Lapland,9,IN
Rav,7,NA,NA,NA,2,Union Jack Bunting Biscuits,Gingerbread Christmas Fairground,6,IN
Selasi,7,NA,NA,NA,2,"""Wheelie Hot Iced Biscuits""",Stained Glass Window Gingerbread Church,11,IN
Tom,7,NA,NA,NA,2,Chai Frappelatteccino Biscuits,Tom and Pod's Near Death Experience,7,IN
Val,7,NA,NA,NA,2,Sunday Treat Iced Ice Cream Cone Biscuits,From Holland to New York via Yorkshire,5,IN
Louise,7,NA,NA,NA,2,Baa Bara Brith Biscuits,Gingerbread Wedding,10,OUT
Candice,7,NA,NA,NA,2,"Salted Caramel, Chocolate Iced Shiny Hearts",Gingerbread Pub with Sticky Ginger Carpet,8,STAR BAKER
Lee,7,NA,NA,NA,2,NA,NA,NA,NA
Andrew,7,NA,NA,NA,3,Chocolate Barmbrack Bread,Braided Harvest Bread Basket,2,IN
Benjamina,7,NA,NA,NA,3,"Chocolate, Tahini and Almond Babka",Braided Bread Heart,6,IN
Candice,7,NA,NA,NA,3,"Chocolate, Salted Caramel & Pecan Brittle Brioche Loaf",Italian Light and Dark Rye Twist,3,IN
Jane,7,NA,NA,NA,3,Chocolate and Cranberry Couronne,Chorizo and Chilli Flower with Parmesan and Pesto Centre,9,IN
Kate,7,NA,NA,NA,3,Cobbled Loaf,The Corn Maiden,8,IN
Rav,7,NA,NA,NA,3,"Chocolate, Cardamom and Hazelnut Loaf",Three Tier Diwali Bread Centrepiece,10,IN
Selasi,7,NA,NA,NA,3,"Chocolate, Orange and Cinnamon Bread",Bedouin Escape Tear and Share Bread,5,IN
Val,7,NA,NA,NA,3,Double Chocolate Cinnamon Twist Loaf,"""And They All Went Into The Ark To Get Out Of The Rain""",1,IN
Michael,7,NA,NA,NA,3,Chocolate and Chilli Swirl Plait,Cypriot Dove and Olive Branch Plaited Loaf with Houmous,7,OUT
Tom,7,NA,NA,NA,3,Chocolate Orange and Chilli Swirl Bread,Jörmungandr and Mjölnir,4,STAR BAKER
Lee,7,NA,NA,NA,3,NA,NA,NA,NA
Louise,7,NA,NA,NA,3,NA,NA,NA,NA
Andrew,7,NA,NA,NA,4,Yorkshire 'Tapas' Puddings,Churros Window Box,4,IN
Candice,7,NA,NA,NA,4,Yorkshire Wellingtons,Two-Way Peanut Butter Churros,2,IN
Jane,7,NA,NA,NA,4,Meat and Two Veg Yorkshires,Pistachio and White Chocolate Churros,3,IN
Rav,7,NA,NA,NA,4,Thai Tofu Panang Yorkshires,Three Dip Matcha Pistachio Churros,9,IN
Selasi,7,NA,NA,NA,4,Perfect Sunday Roast Accompaniment,Lemon and Anise Churros,8,IN
Tom,7,NA,NA,NA,4,West Yorkshire Fusion Puddings,Fennel Churros Snake In The Grass,5,IN
Val,7,NA,NA,NA,4,Mum's Chilli Yorkshire Puddings,Orange Chocolate Churros,6,IN
Kate,7,NA,NA,NA,4,Christmas Dinner Compromise,Hot Cross Bunny Churros,7,OUT
Benjamina,7,NA,NA,NA,4,"Red Onion Chutney, Brie and Bacon Yorkshire Puddings",Tropical Churros,1,STAR BAKER
Lee,7,NA,NA,NA,4,NA,NA,NA,NA
Louise,7,NA,NA,NA,4,NA,NA,NA,NA
Michael,7,NA,NA,NA,4,NA,NA,NA,NA
Andrew,7,NA,NA,NA,5,Mum and Dad's Breakfast Pastries,Spicy Chorizo Squash Parcels and Baklava Bites,6,IN
Benjamina,7,NA,NA,NA,5,'Good Morning America' Swirls and Peanut Butter and Banana Pinwheels,Plantain and Spinach Samosas and Chai Pear Cups,5,IN
Jane,7,NA,NA,NA,5,"Orange Pain au Raisins, Raspberry, Chocolate and Almond Danish","Roquefort, Fig and Walnut Parcels and Cherry and Chocolate Cones",1,IN
Rav,7,NA,NA,NA,5,"Cinnamon Swirls and Pecan, Walnut and Maple Plaits",Chinese Style Prawn Filo Tartlets and Spiced White Chocolate and Hazelnut Samosas,8,IN
Selasi,7,NA,NA,NA,5,"Rhubarb, Mango and Ginger Plait, and Pineapple and Coconut Pinwheels","Parma Ham, Asparagus and Cheese Filo Cigars and Coffee Cream Filo Cups",3,IN
Tom,7,NA,NA,NA,5,Mega Breakfast Bonanzas; Granola Spirals and Wheat Foldovers,Yin and Yang Amuse-bouche,4,IN
Val,7,NA,NA,NA,5,"Pecan and Maple Syrup Pinwheels and Apple, Sultana and Cinnamon Swirls","Caramelised Red Onion, Goats Cheese Tartlets and Mincemeat and Apple Spiced Parcels",7,OUT
Candice,7,NA,NA,NA,5,"Danish Pastry Croque Monsieur Kites and Cinnamon Apple, Vanilla Crème Rose Danish","Sausage, Black Pudding and Apple Rounds and Banoffee Whiskey Cups",2,STAR BAKER
Kate,7,NA,NA,NA,5,NA,NA,NA,NA
Lee,7,NA,NA,NA,5,NA,NA,NA,NA
Louise,7,NA,NA,NA,5,NA,NA,NA,NA
Michael,7,NA,NA,NA,5,NA,NA,NA,NA
Andrew,7,NA,NA,NA,6,Tangy Lime and Ginger Meringue Pie,Spring Elderflower Trio,6,IN
Benjamina,7,NA,NA,NA,6,Grapefruit and Ginger Meringue Pie,Floral Tea Cake,2,IN
Candice,7,NA,NA,NA,6,"Lime, Coconut and Lemongrass Sugar Meringue Pie",Four Seasons Cake,5,IN
Jane,7,NA,NA,NA,6,Lime and Coconut Meringue Pie,Three Tier Orange Cake with a Floral Chocolate Collar,4,IN
Selasi,7,NA,NA,NA,6,"Grapefruit, Orange and Mint Meringue Pie",Three Tiered Ombré Floral Cake,7,IN
Rav,7,NA,NA,NA,6,Mandarin Margarita Meringue Pie,Blossom Cake,3,OUT
Tom,7,NA,NA,NA,6,Blood Orange Halloween Pumpkin Pie,Floral Tea Cake,1,STAR BAKER
Kate,7,NA,NA,NA,6,NA,NA,NA,NA
Lee,7,NA,NA,NA,6,NA,NA,NA,NA
Louise,7,NA,NA,NA,6,NA,NA,NA,NA
Michael,7,NA,NA,NA,6,NA,NA,NA,NA
Val,7,NA,NA,NA,6,NA,NA,NA,NA
Benjamina,7,NA,NA,NA,7,Piña Colada Roulade,Apple Crumble Mousse Cake and Chocolate Coffee Mousse Cake,3,IN
Candice,7,NA,NA,NA,7,Crowd Pleaser Roulade,Blackberry and Raspberry Bubbles and After Dinner Mousse,2,IN
Jane,7,NA,NA,NA,7,Chocolate and Hazelnut Roulade,"Chocolate, Coffee, and Vanilla Joconde Cakes and Blackcurrant and Vanilla Ombre Mousses",4,IN
Selasi,7,NA,NA,NA,7,Summer Picnic Roulade,"Lemon, Strawberry and Passionfruit and Chocolate and Mint Mini Mousse Cakes",6,IN
Tom,7,NA,NA,NA,7,Millionaire's Roulade,Hipster Picnic,5,OUT
Andrew,7,NA,NA,NA,7,Tropical Holiday Roulade,Childhood Ice Cream Mousse Cakes,1,STAR BAKER
Kate,7,NA,NA,NA,7,NA,NA,NA,NA
Lee,7,NA,NA,NA,7,NA,NA,NA,NA
Louise,7,NA,NA,NA,7,NA,NA,NA,NA
Michael,7,NA,NA,NA,7,NA,NA,NA,NA
Rav,7,NA,NA,NA,7,NA,NA,NA,NA
Val,7,NA,NA,NA,7,NA,NA,NA,NA
Andrew,7,NA,NA,NA,8,Da Vinci Inspired Geared Pies,Jousting Knights Marchpane,2,IN
Jane,7,NA,NA,NA,8,Tudor Rose Pies,Swans,5,IN
Selasi,7,NA,NA,NA,8,Bouquet of Flowers,Fruity Tudor Marchpane,3,IN
Benjamina,7,NA,NA,NA,8,Mexican Adventure,Tudor Garden,4,OUT
Candice,7,NA,NA,NA,8,Cheesy Cheeky Fish Pies,Peacock,1,STAR BAKER
Kate,7,NA,NA,NA,8,NA,NA,NA,NA
Lee,7,NA,NA,NA,8,NA,NA,NA,NA
Louise,7,NA,NA,NA,8,NA,NA,NA,NA
Michael,7,NA,NA,NA,8,NA,NA,NA,NA
Rav,7,NA,NA,NA,8,NA,NA,NA,NA
Tom,7,NA,NA,NA,8,NA,NA,NA,NA
Val,7,NA,NA,NA,8,NA,NA,NA,NA
Candice,7,NA,NA,NA,9,"Red Onion, Cambozola and Walnut Palmiers and Mushroom, Streaky Bacon, and Parmesan Palmiers",Chocolate Praline Fondant Fancies and Cherry Bakewell Fondant Fancies,3,IN
Jane,7,NA,NA,NA,9,"Pesto and Sundried Tomato Palmiers and Goats Cheese, Olive and Parma Ham Palmiers",Pistachio and Raspberry Fondant Fancies and Lemon Curd Surprise Fondant Fancies,1,IN
Selasi,7,NA,NA,NA,9,"Sundried Tomato, Onion, Peppers and Parmesan Palmiers and Salmon, Spinach and Mushroom Palmiers",Lime and Ginger Fondant Fancies and Pink Velvet and Raspberry Prosecco Fondant Fancies,4,OUT
Andrew,7,NA,NA,NA,9,Cheesy Elephant Ears and Herby Treble Clefs,Philharmonic Fondants,2,STAR BAKER
Benjamina,7,NA,NA,NA,9,NA,NA,NA,NA
Kate,7,NA,NA,NA,9,NA,NA,NA,NA
Lee,7,NA,NA,NA,9,NA,NA,NA,NA
Louise,7,NA,NA,NA,9,NA,NA,NA,NA
Michael,7,NA,NA,NA,9,NA,NA,NA,NA
Rav,7,NA,NA,NA,9,NA,NA,NA,NA
Tom,7,NA,NA,NA,9,NA,NA,NA,NA
Val,7,NA,NA,NA,9,NA,NA,NA,NA
Andrew,7,NA,NA,NA,10,Crunchy Caramel Cassis Crown,Family and Friends' Favourites Picnic,1,Runner-up
Jane,7,NA,NA,NA,10,"Red, White and Blue Meringue Crown",Family Favourites Feast,3,Runner-up
Candice,7,NA,NA,NA,10,Queen Victoria's Mango and Strawberry Crown,Picnic for Pearly Kings and Queens,2,WINNER
Benjamina,7,NA,NA,NA,10,NA,NA,NA,NA
Kate,7,NA,NA,NA,10,NA,NA,NA,NA
Lee,7,NA,NA,NA,10,NA,NA,NA,NA
Louise,7,NA,NA,NA,10,NA,NA,NA,NA
Michael,7,NA,NA,NA,10,NA,NA,NA,NA
Rav,7,NA,NA,NA,10,NA,NA,NA,NA
Selasi,7,NA,NA,NA,10,NA,NA,NA,NA
Tom,7,NA,NA,NA,10,NA,NA,NA,NA
Val,7,NA,NA,NA,10,NA,NA,NA,NA
Chris,8,NA,NA,NA,1,Tropical Fresh Fruit Cake,'Raised Pork Pie and Egg Surprise' Cake,12,IN
Flo,8,NA,NA,NA,1,Citrus Layer Cake,'One in a Melon' Cake,9,IN
James,8,NA,NA,NA,1,"Orange, Rhubarb & Ginger Crumble Cake",'Mock-accino and Croissant' Cake,2,IN
Julia,8,NA,NA,NA,1,Courgette and Lemon Cake,'Russian Doll' Cake,3,IN
Kate,8,NA,NA,NA,1,Moroccan Strawberry and Rose Cake,'Chocolate Terrarium' Cake,1,IN
Liam,8,NA,NA,NA,1,Apple and Almond Crumble Maple Loaf,'Stackin' Sunday' Cake,8,IN
Sophie,8,NA,NA,NA,1,Pineapple and Coconut Sandwich Cake,'Champagne Bottle and Bucket' Cake,5,IN
Stacey,8,NA,NA,NA,1,Granny Smith Apple and Walnut Cake,'Black Evening Clutch Bag' Cake,11,IN
Tom,8,NA,NA,NA,1,Gilded Pear and Cardamom Cake,'Stack of Books' Cake,7,IN
Yan,8,NA,NA,NA,1,Windfall Apple Crumble Cake,'Banana-ramen' Cake,4,IN
Peter,8,NA,NA,NA,1,Coconut Cake,'Bread on a Breadboard' Cake,10,OUT
Steven,8,NA,NA,NA,1,Bonfire Night Cake,'A Baker's Lunch' Cake,6,STAR BAKER
Flo,8,NA,NA,NA,2,Gin Jam Butties,'Pick My Bones' Game,10,IN
James,8,NA,NA,NA,2,Rhubarb and Custard Whirls,'Coppit' Game,3,IN
Julia,8,NA,NA,NA,2,Middle Eastern Delight Sandwich Biscuits,'A British Baking' Game,4,IN
Kate,8,NA,NA,NA,2,Coconut Seashells for a Titanic Afternoon Tea,'Jungle' Game,8,IN
Liam,8,NA,NA,NA,2,Coffee Malted Pecan Shorties,'Classroom Classics' Game,7,IN
Sophie,8,NA,NA,NA,2,Lemon Limoncino Sandwich Biscuits,'Snakes and Ladders' Game,2,IN
Stacey,8,NA,NA,NA,2,Sparkly Chocolate and Marshmallow Fluff Cookies,'Get to School' Game,9,IN
Tom,8,NA,NA,NA,2,Coffee and Amaretto Kisses,'Drain Pipes and Ladders' Game,5,IN
Yan,8,NA,NA,NA,2,'Mrs. Marian's PB 'n' B' Biscuits,'Adventures in Bakeland' Game,1,IN
Chris,8,NA,NA,NA,2,Chocolate Chia Seed Biscuits with Whisky Caramel Filling,'The Great British Sail Off' Game,11,OUT
Steven,8,NA,NA,NA,2,Amarpressi Biscuits,'Check Bake' Game,6,STAR BAKER
Peter,8,NA,NA,NA,2,NA,NA,NA,NA
James,8,NA,NA,NA,3,Nordic Teacakes,'Owl in the Woods' Bread Sculpture,9,IN
Kate,8,NA,NA,NA,3,Blueberry Buns,'Kraken' Bread Sculpture,10,IN
Liam,8,NA,NA,NA,3,Jamaican Spiced Teacakes,'Kneadapolitan' Bread Sculpture,5,IN
Sophie,8,NA,NA,NA,3,Tagine Teacakes,'Picnic Basket' Bread Sculpture,6,IN
Stacey,8,NA,NA,NA,3,Cranberry and Cinnamon Teacakes,'Ascot Hat' Bread Sculpture,1,IN
Steven,8,NA,NA,NA,3,Madras Cocktail Teacakes,'The Bag I Knead' Bread Sculpture,3,IN
Tom,8,NA,NA,NA,3,Orange and Cranberry Teacakes,'Pink & Yellow Rose Centrepiece' Bread Sculpture,4,IN
Yan,8,NA,NA,NA,3,'Mrs P's' Masala Chai Spiced Teacakes,'Basil the Vegetarian Dragon with his Pumpkin Hoard' Bread Sculpture,8,IN
Flo,8,NA,NA,NA,3,Cinnamon and Orange Teacakes,'Davy Jones' Locker' Bread Sculpture,7,OUT
Julia,8,NA,NA,NA,3,Earl Grey Dried Fruit Teacakes,'The Snail Under a Mushroom' Bread Sculpture,2,STAR BAKER
Chris,8,NA,NA,NA,3,NA,NA,NA,NA
Peter,8,NA,NA,NA,3,NA,NA,NA,NA
James,8,NA,NA,NA,4,'Windy City' Millionaire Shortbreads,Nutty Caramel Cake,2,IN
Julia,8,NA,NA,NA,4,Pecan Salted Caramel Millionaire Shortbreads,Poppy Seed Caramel Cake,9,IN
Liam,8,NA,NA,NA,4,Salted Peanut Butter Millionaire Shortbreads,White Layered Ginger Caramel Cake,3,IN
Sophie,8,NA,NA,NA,4,Jaffa Millionaire Shortbreads,Bird's Nest Caramel Cake,4,IN
Stacey,8,NA,NA,NA,4,Rum Salted Caramel Millionaire Shortbreads,Chocolate and Coffee Caramel Cake,1,IN
Steven,8,NA,NA,NA,4,Orange Macadamia Nut Millionaire Shortbreads,Caramel Crown Cake,7,IN
Yan,8,NA,NA,NA,4,'Lil' Red's Ginger and Nuts' Millionaire Shortbreads,Animals of the Rainforest Caramel Cake,8,IN
Tom,8,NA,NA,NA,4,Stem Ginger Caramel Shortbreads,Hummingbird Cake,5,OUT
Kate,8,NA,NA,NA,4,Salted Bay Caramel Millionaire Shortbreads,Sticky Toffee Apple Caramel Cake,6,STAR BAKER
Chris,8,NA,NA,NA,4,NA,NA,NA,NA
Flo,8,NA,NA,NA,4,NA,NA,NA,NA
Peter,8,NA,NA,NA,4,NA,NA,NA,NA
Julia,8,NA,NA,NA,5,Orange & Treacle Steamed School Pudding,'Opulent Ornament' Trifle Terrine,3,IN
Kate,8,NA,NA,NA,5,'Mr Darcy's Steamy Lake Scene' Steamed School Pudding,'My Great Great Nan's' Raspberry Trifle Terrine,8,IN
Liam,8,NA,NA,NA,5,Cherries & Lemons that are 'Baked Well','Cheers Lads' Trifle Terrine,2,IN
Stacey,8,NA,NA,NA,5,Bakewell Tart Steamed School Pudding,Tropical Trifle Terrine,4,IN
Steven,8,NA,NA,NA,5,Lemon & Blackcurrant Drizzle Steamed School Pudding,'From Across the Jelly Pond' Trifle Terrine,5,IN
Yan,8,NA,NA,NA,5,Mango Fruit Hat Steamed School Pudding,'Heart of a Hero' Trifle Terrine,6,IN
James,8,NA,NA,NA,5,Orange and Ginger Steamed School Pudding,'The Missed Silver Jubilee' Trifle Terrine,7,OUT
Sophie,8,NA,NA,NA,5,"Ginger, Fig and Honey Steamed School Pudding","Raspberry, Yuzu & White Chocolate Bûche Trifle Terrine",1,STAR BAKER
Chris,8,NA,NA,NA,5,NA,NA,NA,NA
Flo,8,NA,NA,NA,5,NA,NA,NA,NA
Peter,8,NA,NA,NA,5,NA,NA,NA,NA
Tom,8,NA,NA,NA,5,NA,NA,NA,NA
Kate,8,NA,NA,NA,6,'Vegetarian Pie Faces' Decorative Pies,Potato Curry Pie with Mango & Chilli Glaze,5,IN
Sophie,8,NA,NA,NA,6,'The Four Seasons' Decorative Pies,Game Pie with Glazed Forest Fruits,2,IN
Stacey,8,NA,NA,NA,6,'Love Theme' Decorative Pies,Indian Hand Raised Pie with Mango,6,IN
Steven,8,NA,NA,NA,6,'Fleetwood Mac' Decorative Pies,Christmas Pie,3,IN
Yan,8,NA,NA,NA,6,'πr2' Decorative Pies,Chequerboard Pie,1,IN
Julia,8,NA,NA,NA,6,'Pies from the Tree' Decorative Pies,'Special Occasion' Pie,7,OUT
Liam,8,NA,NA,NA,6,'Standard FC' Decorative Pies,'Nan's Sunday Dinner' Pie,4,STAR BAKER
Chris,8,NA,NA,NA,6,NA,NA,NA,NA
Flo,8,NA,NA,NA,6,NA,NA,NA,NA
James,8,NA,NA,NA,6,NA,NA,NA,NA
Peter,8,NA,NA,NA,6,NA,NA,NA,NA
Tom,8,NA,NA,NA,6,NA,NA,NA,NA
Kate,8,NA,NA,NA,7,'Happy Hour' Cocktail Cannoli,'Flavour Fusion' Sfogliatelle,6,IN
Liam,8,NA,NA,NA,7,'Just Doing Me' Cannoli,'Morning Delivery' Sfogliatelle,2,IN
Sophie,8,NA,NA,NA,7,'Classics with a Twist' Cannoli,'Classics' Sfogliatelle,3,IN
Stacey,8,NA,NA,NA,7,My All Time Favourite Desserts,Pastry Surprise,4,IN
Yan,8,NA,NA,NA,7,Cannoli Cocktails,Canadian-Style Sfogliatelle,5,OUT
Steven,8,NA,NA,NA,7,Italian Style Cannoli,'Sicilian-style' Sfogliatelle,1,STAR BAKER
Chris,8,NA,NA,NA,7,NA,NA,NA,NA
Flo,8,NA,NA,NA,7,NA,NA,NA,NA
James,8,NA,NA,NA,7,NA,NA,NA,NA
Julia,8,NA,NA,NA,7,NA,NA,NA,NA
Peter,8,NA,NA,NA,7,NA,NA,NA,NA
Tom,8,NA,NA,NA,7,NA,NA,NA,NA
Kate,8,NA,NA,NA,8,Burrito Bedfordshire Clangers,'Liver Building Turret' Savoy Cake,2,IN
Sophie,8,NA,NA,NA,8,Char Siu & Banana Praline Bedfordshire Clangers,Citrus with Green Apple Croquembouche Savoy Cake,4,IN
Steven,8,NA,NA,NA,8,'Mediterranean Medley' Bedfordshire Clangers,Chestnut Rum Savoy Cake,1,IN
Liam,8,NA,NA,NA,8,'Take Out' Bedfordshire Clangers,'Fort Wizardore' Savoy Cake,5,OUT
Stacey,8,NA,NA,NA,8,Camembert & Onion and Apple & Blueberry Bedfordshire Clangers,'Bright' Lemon & Orange Savoy Cake,3,STAR BAKER
Chris,8,NA,NA,NA,8,NA,NA,NA,NA
Flo,8,NA,NA,NA,8,NA,NA,NA,NA
James,8,NA,NA,NA,8,NA,NA,NA,NA
Julia,8,NA,NA,NA,8,NA,NA,NA,NA
Peter,8,NA,NA,NA,8,NA,NA,NA,NA
Tom,8,NA,NA,NA,8,NA,NA,NA,NA
Yan,8,NA,NA,NA,8,NA,NA,NA,NA
Kate,8,NA,NA,NA,9,Bellini and Valencian Orange Choux Buns,'Rainbow' Meringue Centrepiece,4,IN
Steven,8,NA,NA,NA,9,Key Lime Cheesecake and Bakewell Tart Choux Buns,'Some Air Over the Rainbow' Meringue Centrepiece,3,IN
Stacey,8,NA,NA,NA,9,'Choux-nicorn and Choux-moji' Choux Buns,'Flamingos in Love' Meringue Centrepiece,2,OUT
Sophie,8,NA,NA,NA,9,Strawberry & Rhubarb and Chestnut & Vanilla Choux Buns,'Tutu with Opera Filling' Meringue Centrepiece,1,STAR BAKER
Chris,8,NA,NA,NA,9,NA,NA,NA,NA
Flo,8,NA,NA,NA,9,NA,NA,NA,NA
James,8,NA,NA,NA,9,NA,NA,NA,NA
Julia,8,NA,NA,NA,9,NA,NA,NA,NA
Liam,8,NA,NA,NA,9,NA,NA,NA,NA
Peter,8,NA,NA,NA,9,NA,NA,NA,NA
Tom,8,NA,NA,NA,9,NA,NA,NA,NA
Yan,8,NA,NA,NA,9,NA,NA,NA,NA
Kate,8,NA,NA,NA,10,"Roman Spelt, Coconut Kala Chana and Flower Breads","White Chocolate, Yuzu and Lychee Entremet",3,Runner-up
Steven,8,NA,NA,NA,10,"Spelt & Rye, Toasted Garlic & Fontina and Sweet Chocolate Breads",'Yin Yang' Entremet,1,Runner-up
Sophie,8,NA,NA,NA,10,"Spelt Boules, Mushroom Ciabatta and Orange Plaited Brioche",'Ode to the Honey Bee' Entremet,2,WINNER
Chris,8,NA,NA,NA,10,NA,NA,NA,NA
Flo,8,NA,NA,NA,10,NA,NA,NA,NA
James,8,NA,NA,NA,10,NA,NA,NA,NA
Julia,8,NA,NA,NA,10,NA,NA,NA,NA
Liam,8,NA,NA,NA,10,NA,NA,NA,NA
Peter,8,NA,NA,NA,10,NA,NA,NA,NA
Stacey,8,NA,NA,NA,10,NA,NA,NA,NA
Tom,8,NA,NA,NA,10,NA,NA,NA,NA
Yan,8,NA,NA,NA,10,NA,NA,NA,NA
Antony,9,NA,NA,NA,1,NA,NA,12,IN
Briony,9,NA,NA,NA,1,NA,NA,2,IN
Dan,9,NA,NA,NA,1,NA,NA,4,IN
Jon,9,NA,NA,NA,1,NA,NA,5,IN
Karen,9,NA,NA,NA,1,NA,NA,6,IN
Kim-Joy,9,NA,NA,NA,1,NA,NA,10,IN
Luke,9,NA,NA,NA,1,NA,NA,8,IN
Rahul,9,NA,NA,NA,1,NA,NA,7,IN
Ruby,9,NA,NA,NA,1,NA,NA,1,IN
Terry,9,NA,NA,NA,1,NA,NA,9,IN
Imelda,9,NA,NA,NA,1,NA,NA,11,OUT
Manon,9,NA,NA,NA,1,NA,NA,3,STAR BAKER
Antony,9,NA,NA,NA,2,NA,NA,9,IN
Briony,9,NA,NA,NA,2,NA,NA,5,IN
Dan,9,NA,NA,NA,2,NA,NA,3,IN
Jon,9,NA,NA,NA,2,NA,NA,1,IN
Karen,9,NA,NA,NA,2,NA,NA,11,IN
Kim-Joy,9,NA,NA,NA,2,NA,NA,4,IN
Manon,9,NA,NA,NA,2,NA,NA,6,IN
Ruby,9,NA,NA,NA,2,NA,NA,10,IN
Terry,9,NA,NA,NA,2,NA,NA,8,IN
Luke,9,NA,NA,NA,2,NA,NA,7,OUT
Rahul,9,NA,NA,NA,2,NA,NA,2,STAR BAKER
Imelda,9,NA,NA,NA,2,NA,NA,NA,NA
Briony,9,NA,NA,NA,3,NA,NA,9,IN
Dan,9,NA,NA,NA,3,NA,NA,6,IN
Jon,9,NA,NA,NA,3,NA,NA,2,IN
Karen,9,NA,NA,NA,3,NA,NA,5,IN
Kim-Joy,9,NA,NA,NA,3,NA,NA,10,IN
Manon,9,NA,NA,NA,3,NA,NA,3,IN
Ruby,9,NA,NA,NA,3,NA,NA,7,IN
Terry,9,NA,NA,NA,3,NA,NA,1,IN
Antony,9,NA,NA,NA,3,NA,NA,8,OUT
Rahul,9,NA,NA,NA,3,NA,NA,4,STAR BAKER
Imelda,9,NA,NA,NA,3,NA,NA,NA,NA
Luke,9,NA,NA,NA,3,NA,NA,NA,NA
Terry,9,NA,NA,NA,4,NA,NA,NA,[a]
Briony,9,NA,NA,NA,4,NA,NA,5,IN
Jon,9,NA,NA,NA,4,NA,NA,3,IN
Karen,9,NA,NA,NA,4,NA,NA,7,IN
Kim-Joy,9,NA,NA,NA,4,NA,NA,6,IN
Manon,9,NA,NA,NA,4,NA,NA,8,IN
Rahul,9,NA,NA,NA,4,NA,NA,4,IN
Ruby,9,NA,NA,NA,4,NA,NA,2,IN
Dan,9,NA,NA,NA,4,NA,NA,1,STAR BAKER
Antony,9,NA,NA,NA,4,NA,NA,NA,NA
Imelda,9,NA,NA,NA,4,NA,NA,NA,NA
Luke,9,NA,NA,NA,4,NA,NA,NA,NA
Briony,9,NA,NA,NA,5,NA,NA,6,IN
Dan,9,NA,NA,NA,5,NA,NA,2,IN
Jon,9,NA,NA,NA,5,NA,NA,7,IN
Manon,9,NA,NA,NA,5,NA,NA,5,IN
Rahul,9,NA,NA,NA,5,NA,NA,3,IN
Ruby,9,NA,NA,NA,5,NA,NA,1,IN
Karen,9,NA,NA,NA,5,NA,NA,9,OUT
Terry,9,NA,NA,NA,5,NA,NA,8,OUT
Kim-Joy,9,NA,NA,NA,5,NA,NA,4,STAR BAKER
Antony,9,NA,NA,NA,5,NA,NA,NA,NA
Imelda,9,NA,NA,NA,5,NA,NA,NA,NA
Luke,9,NA,NA,NA,5,NA,NA,NA,NA
Jon,9,NA,NA,NA,6,NA,NA,2,IN
Kim-Joy,9,NA,NA,NA,6,NA,NA,5,IN
Manon,9,NA,NA,NA,6,NA,NA,4,IN
Rahul,9,NA,NA,NA,6,NA,NA,3,IN
Ruby,9,NA,NA,NA,6,NA,NA,7,IN
Dan,9,NA,NA,NA,6,NA,NA,6,OUT
Briony,9,NA,NA,NA,6,NA,NA,1,STAR BAKER
Antony,9,NA,NA,NA,6,NA,NA,NA,NA
Imelda,9,NA,NA,NA,6,NA,NA,NA,NA
Karen,9,NA,NA,NA,6,NA,NA,NA,NA
Luke,9,NA,NA,NA,6,NA,NA,NA,NA
Terry,9,NA,NA,NA,6,NA,NA,NA,NA
Briony,9,NA,NA,NA,7,NA,NA,5,IN
Manon,9,NA,NA,NA,7,NA,NA,2,IN
Rahul,9,NA,NA,NA,7,NA,NA,1,IN
Ruby,9,NA,NA,NA,7,NA,NA,3,IN
Jon,9,NA,NA,NA,7,NA,NA,4,OUT
Kim-Joy,9,NA,NA,NA,7,NA,NA,6,STAR BAKER
Antony,9,NA,NA,NA,7,NA,NA,NA,NA
Dan,9,NA,NA,NA,7,NA,NA,NA,NA
Imelda,9,NA,NA,NA,7,NA,NA,NA,NA
Karen,9,NA,NA,NA,7,NA,NA,NA,NA
Luke,9,NA,NA,NA,7,NA,NA,NA,NA
Terry,9,NA,NA,NA,7,NA,NA,NA,NA
Briony,9,NA,NA,NA,8,NA,NA,1,IN
Kim-Joy,9,NA,NA,NA,8,NA,NA,2,IN
Rahul,9,NA,NA,NA,8,NA,NA,5,IN
Manon,9,NA,NA,NA,8,NA,NA,4,OUT
Ruby,9,NA,NA,NA,8,NA,NA,3,STAR BAKER
Antony,9,NA,NA,NA,8,NA,NA,NA,NA
Dan,9,NA,NA,NA,8,NA,NA,NA,NA
Imelda,9,NA,NA,NA,8,NA,NA,NA,NA
Jon,9,NA,NA,NA,8,NA,NA,NA,NA
Karen,9,NA,NA,NA,8,NA,NA,NA,NA
Luke,9,NA,NA,NA,8,NA,NA,NA,NA
Terry,9,NA,NA,NA,8,NA,NA,NA,NA
Kim-Joy,9,NA,NA,NA,9,NA,NA,2,IN
Rahul,9,NA,NA,NA,9,NA,NA,4,IN
Briony,9,NA,NA,NA,9,NA,NA,3,OUT
Ruby,9,NA,NA,NA,9,NA,NA,1,STAR BAKER
Antony,9,NA,NA,NA,9,NA,NA,NA,NA
Dan,9,NA,NA,NA,9,NA,NA,NA,NA
Imelda,9,NA,NA,NA,9,NA,NA,NA,NA
Jon,9,NA,NA,NA,9,NA,NA,NA,NA
Karen,9,NA,NA,NA,9,NA,NA,NA,NA
Luke,9,NA,NA,NA,9,NA,NA,NA,NA
Manon,9,NA,NA,NA,9,NA,NA,NA,NA
Terry,9,NA,NA,NA,9,NA,NA,NA,NA
Kim-Joy,9,NA,NA,NA,10,NA,NA,1,Runner-up
Ruby,9,NA,NA,NA,10,NA,NA,3,Runner-up
Rahul,9,NA,NA,NA,10,NA,NA,2,WINNER
Antony,9,NA,NA,NA,10,NA,NA,NA,NA
Briony,9,NA,NA,NA,10,NA,NA,NA,NA
Dan,9,NA,NA,NA,10,NA,NA,NA,NA
Imelda,9,NA,NA,NA,10,NA,NA,NA,NA
Jon,9,NA,NA,NA,10,NA,NA,NA,NA
Karen,9,NA,NA,NA,10,NA,NA,NA,NA
Luke,9,NA,NA,NA,10,NA,NA,NA,NA
Manon,9,NA,NA,NA,10,NA,NA,NA,NA
Terry,9,NA,NA,NA,10,NA,NA,NA,NA
Alice,10,NA,NA,NA,1,NA,NA,5,IN
Amelia,10,NA,NA,NA,1,NA,NA,4,IN
David,10,NA,NA,NA,1,NA,NA,10,IN
Helena,10,NA,NA,NA,1,NA,NA,12,IN
Henry,10,NA,NA,NA,1,NA,NA,1,IN
Jamie,10,NA,NA,NA,1,NA,NA,13,IN
Michael,10,NA,NA,NA,1,NA,NA,11,IN
Phil,10,NA,NA,NA,1,NA,NA,8,IN
Priya,10,NA,NA,NA,1,NA,NA,7,IN
Rosie,10,NA,NA,NA,1,NA,NA,2,IN
Steph,10,NA,NA,NA,1,NA,NA,3,IN
Dan,10,NA,NA,NA,1,NA,NA,9,OUT
Michelle,10,NA,NA,NA,1,NA,NA,6,STAR BAKER
Amelia,10,NA,NA,NA,2,NA,NA,9,IN
David,10,NA,NA,NA,2,NA,NA,2,IN
Helena,10,NA,NA,NA,2,NA,NA,12,IN
Henry,10,NA,NA,NA,2,NA,NA,6,IN
Michael,10,NA,NA,NA,2,NA,NA,4,IN
Michelle,10,NA,NA,NA,2,NA,NA,8,IN
Phil,10,NA,NA,NA,2,NA,NA,3,IN
Priya,10,NA,NA,NA,2,NA,NA,7,IN
Rosie,10,NA,NA,NA,2,NA,NA,5,IN
Steph,10,NA,NA,NA,2,NA,NA,10,IN
Jamie,10,NA,NA,NA,2,NA,NA,11,OUT
Alice,10,NA,NA,NA,2,NA,NA,1,STAR BAKER
Dan,10,NA,NA,NA,2,NA,NA,NA,NA
Alice,10,NA,NA,NA,3,NA,NA,7,IN
David,10,NA,NA,NA,3,NA,NA,2,IN
Helena,10,NA,NA,NA,3,NA,NA,8,IN
Henry,10,NA,NA,NA,3,NA,NA,1,IN
Michelle,10,NA,NA,NA,3,NA,NA,5,IN
Phil,10,NA,NA,NA,3,NA,NA,10,IN
Priya,10,NA,NA,NA,3,NA,NA,4,IN
Rosie,10,NA,NA,NA,3,NA,NA,9,IN
Steph,10,NA,NA,NA,3,NA,NA,3,IN
Amelia,10,NA,NA,NA,3,NA,NA,11,OUT
Michael,10,NA,NA,NA,3,NA,NA,6,STAR BAKER
Dan,10,NA,NA,NA,3,NA,NA,NA,NA
Jamie,10,NA,NA,NA,3,NA,NA,NA,NA
Alice,10,NA,NA,NA,4,NA,NA,8,IN
David,10,NA,NA,NA,4,NA,NA,2,IN
Helena,10,NA,NA,NA,4,NA,NA,9,IN
Henry,10,NA,NA,NA,4,NA,NA,3,IN
Michael,10,NA,NA,NA,4,NA,NA,7,IN
Michelle,10,NA,NA,NA,4,NA,NA,5,IN
Priya,10,NA,NA,NA,4,NA,NA,10,IN
Rosie,10,NA,NA,NA,4,NA,NA,4,IN
Phil,10,NA,NA,NA,4,NA,NA,6,OUT
Steph,10,NA,NA,NA,4,NA,NA,1,STAR BAKER
Amelia,10,NA,NA,NA,4,NA,NA,NA,NA
Dan,10,NA,NA,NA,4,NA,NA,NA,NA
Jamie,10,NA,NA,NA,4,NA,NA,NA,NA
Alice,10,NA,NA,NA,5,NA,NA,6,IN
David,10,NA,NA,NA,5,NA,NA,9,IN
Henry,10,NA,NA,NA,5,NA,NA,3,IN
Michael,10,NA,NA,NA,5,NA,NA,8,IN
Priya,10,NA,NA,NA,5,NA,NA,2,IN
Rosie,10,NA,NA,NA,5,NA,NA,5,IN
Helena,10,NA,NA,NA,5,NA,NA,1,OUT
Michelle,10,NA,NA,NA,5,NA,NA,7,OUT
Steph,10,NA,NA,NA,5,NA,NA,4,STAR BAKER
Amelia,10,NA,NA,NA,5,NA,NA,NA,NA
Dan,10,NA,NA,NA,5,NA,NA,NA,NA
Jamie,10,NA,NA,NA,5,NA,NA,NA,NA
Phil,10,NA,NA,NA,5,NA,NA,NA,NA
Alice,10,NA,NA,NA,6,NA,NA,1,IN
David,10,NA,NA,NA,6,NA,NA,2,IN
Henry,10,NA,NA,NA,6,NA,NA,4,IN
Michael,10,NA,NA,NA,6,NA,NA,6,IN
Rosie,10,NA,NA,NA,6,NA,NA,5,IN
Priya,10,NA,NA,NA,6,NA,NA,7,OUT
Steph,10,NA,NA,NA,6,NA,NA,3,STAR BAKER
Amelia,10,NA,NA,NA,6,NA,NA,NA,NA
Dan,10,NA,NA,NA,6,NA,NA,NA,NA
Helena,10,NA,NA,NA,6,NA,NA,NA,NA
Jamie,10,NA,NA,NA,6,NA,NA,NA,NA
Michelle,10,NA,NA,NA,6,NA,NA,NA,NA
Phil,10,NA,NA,NA,6,NA,NA,NA,NA
Alice,10,NA,NA,NA,7,NA,NA,6,IN
David,10,NA,NA,NA,7,NA,NA,2,IN
Rosie,10,NA,NA,NA,7,NA,NA,1,IN
Steph,10,NA,NA,NA,7,NA,NA,4,IN
Michael,10,NA,NA,NA,7,NA,NA,5,OUT
Henry,10,NA,NA,NA,7,NA,NA,3,STAR BAKER
Amelia,10,NA,NA,NA,7,NA,NA,NA,NA
Dan,10,NA,NA,NA,7,NA,NA,NA,NA
Helena,10,NA,NA,NA,7,NA,NA,NA,NA
Jamie,10,NA,NA,NA,7,NA,NA,NA,NA
Michelle,10,NA,NA,NA,7,NA,NA,NA,NA
Phil,10,NA,NA,NA,7,NA,NA,NA,NA
Priya,10,NA,NA,NA,7,NA,NA,NA,NA
Alice,10,NA,NA,NA,8,NA,NA,3,IN
David,10,NA,NA,NA,8,NA,NA,1,IN
Rosie,10,NA,NA,NA,8,NA,NA,2,IN
Henry,10,NA,NA,NA,8,NA,NA,5,OUT
Steph,10,NA,NA,NA,8,NA,NA,4,STAR BAKER
Amelia,10,NA,NA,NA,8,NA,NA,NA,NA
Dan,10,NA,NA,NA,8,NA,NA,NA,NA
Helena,10,NA,NA,NA,8,NA,NA,NA,NA
Jamie,10,NA,NA,NA,8,NA,NA,NA,NA
Michael,10,NA,NA,NA,8,NA,NA,NA,NA
Michelle,10,NA,NA,NA,8,NA,NA,NA,NA
Phil,10,NA,NA,NA,8,NA,NA,NA,NA
Priya,10,NA,NA,NA,8,NA,NA,NA,NA
David,10,NA,NA,NA,9,NA,NA,2,IN
Steph,10,NA,NA,NA,9,NA,NA,3,IN
Rosie,10,NA,NA,NA,9,NA,NA,1,OUT
Alice,10,NA,NA,NA,9,NA,NA,4,STAR BAKER
Amelia,10,NA,NA,NA,9,NA,NA,NA,NA
Dan,10,NA,NA,NA,9,NA,NA,NA,NA
Helena,10,NA,NA,NA,9,NA,NA,NA,NA
Henry,10,NA,NA,NA,9,NA,NA,NA,NA
Jamie,10,NA,NA,NA,9,NA,NA,NA,NA
Michael,10,NA,NA,NA,9,NA,NA,NA,NA
Michelle,10,NA,NA,NA,9,NA,NA,NA,NA
Phil,10,NA,NA,NA,9,NA,NA,NA,NA
Priya,10,NA,NA,NA,9,NA,NA,NA,NA
Alice,10,NA,NA,NA,10,NA,NA,2,Runner-up
Steph,10,NA,NA,NA,10,NA,NA,3,Runner-up
David,10,NA,NA,NA,10,NA,NA,1,WINNER
Amelia,10,NA,NA,NA,10,NA,NA,NA,NA
Dan,10,NA,NA,NA,10,NA,NA,NA,NA
Helena,10,NA,NA,NA,10,NA,NA,NA,NA
Henry,10,NA,NA,NA,10,NA,NA,NA,NA
Jamie,10,NA,NA,NA,10,NA,NA,NA,NA
Michael,10,NA,NA,NA,10,NA,NA,NA,NA
Michelle,10,NA,NA,NA,10,NA,NA,NA,NA
Phil,10,NA,NA,NA,10,NA,NA,NA,NA
Priya,10,NA,NA,NA,10,NA,NA,NA,NA
Rosie,10,NA,NA,NA,10,NA,NA,NA,NA
"""Jo""",2,NA,NA,NA,1,Chocolate Orange CupcakesOrange and Cardamom Cupcakes,Chocolate and Strawberry Cake,NA,NA
"""Jo""",2,NA,NA,NA,2,"Caramelised Onion, Gruyere and Thyme Quiche",Raspberry and Mascarpone Tarts with Lemon and Almond PastryHoney and Almond Tarts with Sweetcrust,NA,NA
"""Jo""",2,NA,NA,NA,3,"Stromboli flavored with Mozzarella, Ham, and Picante Pepper",Unknown,NA,NA
"""Jo""",2,NA,NA,NA,4,Lavender Biscuits,Blueberry MacaronsCoconut MacaronsStrawberry Macarons,NA,NA
"""Jo""",2,NA,NA,NA,5,Salmon and Asparagus Pie,Apple and Raspberry Meringue Pie,NA,NA
"""Jo""",2,NA,NA,NA,6,Rum and Raisin Baked Cheesecake,Limoncello and White Chocolate Croquembouche,NA,NA
"""Jo""",2,NA,NA,NA,7,Raspberry & Strawberry Mousse Cake,Pain Aux RaisinChocolate TwistsBanana and Raisin Pastries,NA,NA
"""Jo""",2,NA,NA,NA,8,Raspberry and Blueberry Mille Feuille,"Mini Victoria SandwichesRaspberry, White Chocolate and Pistachio Mini MeringuesMini Banoffee Pie with Banana Mousse",NA,NA
Ali Imdad,4,25,Charity worker,"Saltley, Birmingham",NA,NA,NA,NA,NA
Alice Fevronia,10,28,Geography teacher,Essex,NA,NA,NA,NA,NA
Alvin Magallanes,6,37,Nurse,"Bracknell, Berkshire",NA,NA,NA,NA,NA
Amelia LeBruin,10,24,Fashion designer,Halifax,NA,NA,NA,NA,NA
Andrew Smyth,7,25,Aerospace engineer,"Derby / Holywood, County Down",NA,NA,NA,NA,NA
Annetha Mills,1,30,Midwife,Essex,NA,NA,NA,NA,NA
Antony Amourdoux,9,30,Banker,London,NA,NA,NA,NA,NA
Beca Lyne-Pirkis,4,31,Military Wives' Choir Singer,"Aldershot, Hampshire",NA,NA,NA,NA,NA
Ben Frazer,2,31,Graphic Designer,Northampton,NA,NA,NA,NA,NA
Benjamina Ebuehi,7,23,Teaching assistant,South London,NA,NA,NA,NA,NA
Brendan Lynch,3,63,Recruitment consultant,Sutton Coldfield,NA,NA,NA,NA,NA
Briony Williams,9,33,Full-time parent,Bristol,NA,NA,NA,NA,NA
Candice Brown,7,31,PE teacher,"Barton-Le-Clay, Bedfordshire",NA,NA,NA,NA,NA
Cathryn Dresser,3,27,Shop assistant,"Pease Pottage, West Sussex",NA,NA,NA,NA,NA
Chetna Makan,5,35,Fashion Designer,"Broadstairs, Kent",NA,NA,NA,NA,NA
Chris Geiger,8,50,Software developer,Bristol,NA,NA,NA,NA,NA
Christine Wallace,4,66,Director of an engraving company,"Didcot, Oxfordshire",NA,NA,NA,NA,NA
Yan Tsou,8,46,Laboratory research scientist,North London,NA,NA,NA,NA,NA
Claire Goodwin,5,31,Speech Therapist,"Ashton upon Mersey, Trafford",NA,NA,NA,NA,NA
Dan Beasley-Harling,9,36,Full-time parent,London,NA,NA,NA,NA,NA
Dan Chambers,10,32,Support worker,Rotherham,NA,NA,NA,NA,NA
Danny Bryden,3,45,Intensive care consultant,Sheffield,NA,NA,NA,NA,NA
David Atherton,10,36,International health adviser,Whitby,NA,NA,NA,NA,NA
David Chambers,1,31,Entrepreneur,Milton Keynes,NA,NA,NA,NA,NA
Deborah Manger,4,51,Dentist,Peterborough,NA,NA,NA,NA,NA
Diana Beard,5,69,Women's Institute (WI) Judge,"Alkington, Shropshire",NA,NA,NA,NA,NA
Dorret Conway,6,53,Accountant,"Penwortham, Lancashire",NA,NA,NA,NA,NA
Edd Kimber,1,24,Debt collector for Yorkshire Bank,Bradford,NA,NA,NA,NA,NA
Enwezor Nzegwu,5,39,Business Consultant,"Portsmouth, Hampshire",NA,NA,NA,NA,NA
Flo Atkins,8,71,Retired,Merseyside,NA,NA,NA,NA,NA
Flora Shedden,6,19,Art gallery assistant,"Dunkeld, Perth and Kinross",NA,NA,NA,NA,NA
Frances Quinn,4,31,Children's Clothes Designer,"Market Harborough, Leicestershire",NA,NA,NA,NA,NA
Glenn Cosby,4,37,English Teacher,"Teignmouth, Devon",NA,NA,NA,NA,NA
Helena Garcia,10,40,Online project manager,Leeds,NA,NA,NA,NA,NA
Henry Bird,10,20,Student,Durham,NA,NA,NA,NA,NA
Holly Bell,2,31,Advertising executive,Leicester,NA,NA,NA,NA,NA
Howard Middleton,4,51,Council Worker,Sheffield,NA,NA,NA,NA,NA
Iain Watters,5,31,Construction Engineer,London/Belfast,NA,NA,NA,NA,NA
Ian Cumming,6,41,Travel photographer,"Great Wilbraham, Cambridgeshire",NA,NA,NA,NA,NA
Ian Vallance,2,40,Fundraiser for English Heritage,"Dunstable, Bedfordshire",NA,NA,NA,NA,NA
Imelda McCarron,9,33,Countryside recreation officer,County Tyrone,NA,NA,NA,NA,NA
James Hillery,8,46,Banker,"Brentwood, Essex",NA,NA,NA,NA,NA
James Morton,3,21,Medical student,"Hillswick, Shetland Islands",NA,NA,NA,NA,NA
Jamie Finn,10,20,Part-time waiter,Surrey,NA,NA,NA,NA,NA
Jane Beedle,7,61,Garden designer,Beckenham,NA,NA,NA,NA,NA
Janet Basu,2,63,Teacher of Modern Languages,"Formby, Liverpool",NA,NA,NA,NA,NA
Jasminder Randhawa,1,45,Assistant Credit Control Manager,Birmingham,NA,NA,NA,NA,NA
Jason White,2,19,Civil Engineering Student,Croydon,NA,NA,NA,NA,NA
Jo Wheatley,2,41,Housewife,"Ongar, Essex",NA,NA,NA,NA,NA
John Whaite,3,22,Law student,Wigan,NA,NA,NA,NA,NA
Jon Jenkins,9,47,Blood courier,Newport,NA,NA,NA,NA,NA
Jonathan Shepherd,1,25,Research Analyst,St Albans,NA,NA,NA,NA,NA
Jordan Cox,5,32,IT Manager,"Sneinton, Nottingham",NA,NA,NA,NA,NA
Julia Chernogorova,8,21,Aviation Broker,"Crawley, West Sussex",NA,NA,NA,NA,NA
Karen Wright,9,60,In-store sampling assistant,Wakefield,NA,NA,NA,NA,NA
Kate Barmby,7,37,Nurse,"Brooke, Norfolk",NA,NA,NA,NA,NA
Kate Henry,5,41,Furniture Restorer,"Brighton, East Sussex",NA,NA,NA,NA,NA
Kate Lyon,8,29,Health and safety inspector,Merseyside,NA,NA,NA,NA,NA
Keith Batsford,2,31,House husband,"Arlesey, Bedfordshire",NA,NA,NA,NA,NA
Kim-Joy Hewlett,9,27,Mental health specialist,Leeds,NA,NA,NA,NA,NA
Kimberley Wilson,4,30,Psychologist,London,NA,NA,NA,NA,NA
Lea Harris,1,51,Retired,"Midlothian, Scotland",NA,NA,NA,NA,NA
Lee Banfield,7,67,Pastor,Bolton,NA,NA,NA,NA,NA
Liam Charles,8,19,Student,North London,NA,NA,NA,NA,NA
Louise Brimelow,1,44,Police Officer,Manchester,NA,NA,NA,NA,NA
Louise Williams,7,46,Hairdresser,Cardiff,NA,NA,NA,NA,NA
Lucy Bellamy,4,38,Horticulturist,"Grimsby, Lincolnshire",NA,NA,NA,NA,NA
Luis Troyano,5,42,Graphic Designer,"Poynton, Cheshire",NA,NA,NA,NA,NA
Luke Thompson,9,30,Civil servant/house and techno DJ,Sheffield,NA,NA,NA,NA,NA
Manisha Parmar,3,27,Nursery nurse,Leicester,NA,NA,NA,NA,NA
Manon Lagrave,9,26,Software project manager,London,NA,NA,NA,NA,NA
Marie Campbell,6,66,Retired,"Auchterarder, Perthshire",NA,NA,NA,NA,NA
Mark Onley,4,37,Carpenter and Kitchen Fitter,Milton Keynes,NA,NA,NA,NA,NA
Mark Whithers,1,48,Bus Driver,South Wales,NA,NA,NA,NA,NA
Martha Collison,5,17,Student,"Ascot, Berkshire",NA,NA,NA,NA,NA
Mary-Anne Boermans,2,45,Housewife,"Kidderminster, Worcestershire",NA,NA,NA,NA,NA
Mat Riley,6,37,Fire fighter,London,NA,NA,NA,NA,NA
Michael Chakraverty,10,26,Theatre manager/fitness instructor,Stratford-upon-Avon,NA,NA,NA,NA,NA
Michael Georgiou,7,20,Student,Durham,NA,NA,NA,NA,NA
Michelle Evans-Fecci,10,35,Print shop administrator,"Tenby, Wales",NA,NA,NA,NA,NA
Miranda Browne,1,37,Food buyer for Marks & Spencer,"Midhurst, West Sussex",NA,NA,NA,NA,NA
Nadiya Hussain,6,30,Full-time mother,Leeds / Luton,NA,NA,NA,NA,NA
Nancy Birtwhistle,5,60,Retired Practice Manager,"Barton-upon-Humber, Lincolnshire",NA,NA,NA,NA,NA
Natasha Stringer,3,36,Midwife,"Tamworth, Staffordshire",NA,NA,NA,NA,NA
Norman Calder,5,66,Retired Naval Officer,"Portknockie, Moray",NA,NA,NA,NA,NA
Paul Jagger,6,49,Prison governor,"Swansea, Wales",NA,NA,NA,NA,NA
Peter Abatan,8,52,IT programme manager,"Southend, Essex",NA,NA,NA,NA,NA
Peter Maloney,3,43,Sales manager,"Windsor, Berkshire",NA,NA,NA,NA,NA
Phil Thorne,10,56,HGV driver,Rainham,NA,NA,NA,NA,NA
Priya O'Shea,10,34,Marketing consultant,Leicester,NA,NA,NA,NA,NA
Rahul Mandal,9,30,Research scientist,Rotherham,NA,NA,NA,NA,NA
Rav Bansal,7,28,Student support,Erith,NA,NA,NA,NA,NA
Richard Burr,5,38,Builder,"Mill Hill, London",NA,NA,NA,NA,NA
Robert Billington,2,25,Photographer,London,NA,NA,NA,NA,NA
Robert Smart,4,54,Space Satellite Designer,"Melbourn, Cambridgeshire",NA,NA,NA,NA,NA
Rosie Brandreth-Poynter,10,28,Veterinary surgeon,Somerset,NA,NA,NA,NA,NA
Ruby Bhogal,9,29,Project manager,London,NA,NA,NA,NA,NA
Ruby Tandoh,4,20,History of Art and Philosophy Student,"Southend, Essex",NA,NA,NA,NA,NA
Ruth Clemens,1,31,Retail manager/Housewife,"Poynton, Cheshire",NA,NA,NA,NA,NA
Ryan Chong,3,38,Photographer,Bristol,NA,NA,NA,NA,NA
Sandy Docherty,6,49,Child welfare officer,"Yeadon, West Yorkshire",NA,NA,NA,NA,NA
Sarah-Jane Willis,3,28,Vicar's wife,"Bewbush, West Sussex",NA,NA,NA,NA,NA
Selasi Gbormittah,7,30,Client service associate,London,NA,NA,NA,NA,NA
Simon Blackwell,2,31,Rugby Coach,Norfolk,NA,NA,NA,NA,NA
Sophie Faldo,8,33,Former army officer and trainee stuntwoman,"West Molesey, Surrey",NA,NA,NA,NA,NA
Stacey Hart,8,42,Former school teacher,"Radlett, Hertfordshire",NA,NA,NA,NA,NA
Steph Blackwell,10,28,Shop assistant,Chester,NA,NA,NA,NA,NA
Steven Carter-Bailey,8,34,Marketer,"Watford, Hertfordshire",NA,NA,NA,NA,NA
Stu Henshall,6,35,Professional musician,"Guildford, Surrey",NA,NA,NA,NA,NA
Stuart Marston-Smith,3,26,PE teacher,"Lichfield, Staffordshire",NA,NA,NA,NA,NA
Tamal Ray,6,29,Trainee anaesthetist,Manchester,NA,NA,NA,NA,NA
Terry Hartill,9,56,Retired air steward,West Midlands,NA,NA,NA,NA,NA
Toby Waterworth,4,30,Web Programmer,"Reading, Berkshire",NA,NA,NA,NA,NA
Tom Gilliford,7,26,Project engagement manager,Rochdale,NA,NA,NA,NA,NA
Tom Hetherington,8,29,Architect,Edinburgh,NA,NA,NA,NA,NA
Ugnė Bubnaityte,6,32,PA and administrator,"Woodford, London / Vilkaviškis, Lithuania",NA,NA,NA,NA,NA
Urvashi Roe,2,40,Head of Marketing,"Enfield, London",NA,NA,NA,NA,NA
Val Stones,7,66,"Semi-retired, Substitute teacher",Yeovil,NA,NA,NA,NA,NA
Victoria Chester,3,50,CEO of the charity Plantlife,Somerset,NA,NA,NA,NA,NA
Yasmin Limbert,2,43,Childminder,"West Kirby, The Wirral",NA,NA,NA,NA,NA
